"gene_id","gene_name","perc_valid","valid_targets","tot_target","valid_targets_names"
"ENSG00000001617.12","SEMA3F",0,0,1,""
"ENSG00000004487.18","KDM1A",0.25,1,4,"PID_CDC42_PATHWAY"
"ENSG00000005486.17","RHBDD2",0.333333333333333,1,3,"HALLMARK_PROTEIN_SECRETION"
"ENSG00000005810.19","MYCBP2",0,0,2,""
"ENSG00000005893.16","LAMP2",1,6,6,"PID_ATM_PATHWAY,PID_BARD1_PATHWAY,HALLMARK_MITOTIC_SPINDLE,VEGF_A_UP.V1_DN,GCNP_SHH_UP_EARLY.V1_UP,PID_P53_REGULATION_PATHWAY"
"ENSG00000006118.15","TMEM132A",0,0,2,""
"ENSG00000006607.14","FARP2",0,0,10,""
"ENSG00000006704.11","GTF2IRD1",0.142857142857143,1,7,"HALLMARK_PROTEIN_SECRETION"
"ENSG00000007255.10","TRAPPC6A",0,0,1,""
"ENSG00000007384.15","RHBDF1",0,0,10,""
"ENSG00000007944.15","MYLIP",0,0,4,""
"ENSG00000008083.14","JARID2",0.35,7,20,"GCNP_SHH_UP_LATE.V1_DN,CYCLIN_D1_UP.V1_UP,CYCLIN_D1_KE_.V1_UP,PGF_UP.V1_UP,SRC_UP.V1_UP,HALLMARK_DNA_REPAIR,MTOR_UP.N4.V1_DN"
"ENSG00000008294.22","SPAG9",0,0,21,""
"ENSG00000008853.18","RHOBTB2",0,0,1,""
"ENSG00000010165.20","METTL13",0,0,4,""
"ENSG00000010244.19","ZNF207",0.428571428571429,9,21,"SIRNA_EIF4GI_UP,JAK2_DN.V1_DN,EIF4E_UP,MTOR_UP.N4.V1_UP,MYC_UP.V1_UP,HALLMARK_ADIPOGENESIS,HALLMARK_FATTY_ACID_METABOLISM,HALLMARK_UNFOLDED_PROTEIN_RESPONSE,RB_P107_DN.V1_DN"
"ENSG00000010278.15","CD9",0,0,3,""
"ENSG00000011028.14","MRC2",0,0,9,""
"ENSG00000011275.19","RNF216",0,0,6,""
"ENSG00000011304.22","PTBP1",0.25,2,8,"PGF_UP.V1_UP,PID_ECADHERIN_NASCENT_AJ_PATHWAY"
"ENSG00000011347.10","SYT7",0,0,3,""
"ENSG00000011451.21","WIZ",0,0,2,""
"ENSG00000011485.15","PPP5C",0,0,1,""
"ENSG00000012048.23","BRCA1",0.666666666666667,2,3,"PID_ERBB1_INTERNALIZATION_PATHWAY,PGF_UP.V1_UP"
"ENSG00000012822.16","CALCOCO1",0.25,1,4,"JAK2_DN.V1_DN"
"ENSG00000013288.9","MAN2B2",0.583333333333333,7,12,"STK33_NOMO_DN,STK33_DN,CYCLIN_D1_UP.V1_DN,LTE2_UP.V1_UP,JAK2_DN.V1_DN,RB_P130_DN.V1_DN,RB_P107_DN.V1_DN"
"ENSG00000013810.21","TACC3",0,0,1,""
"ENSG00000014257.16","ACP3",0.0769230769230769,1,13,"AR_GSET"
"ENSG00000014919.13","COX15",0.428571428571429,3,7,"EIF4E_UP,PGF_UP.V1_UP,SRC_UP.V1_UP"
"ENSG00000015133.20","CCDC88C",0.428571428571429,6,14,"EIF4E_UP,PID_ERBB1_INTERNALIZATION_PATHWAY,PGF_UP.V1_UP,SRC_UP.V1_UP,BCAT_BILD_ET_AL_DN,HALLMARK_DNA_REPAIR"
"ENSG00000017427.17","IGF1",0,0,1,""
"ENSG00000020181.18","ADGRA2",0,0,3,""
"ENSG00000022840.17","RNF10",0,0,4,""
"ENSG00000025434.19","NR1H3",0,0,30,""
"ENSG00000026103.23","FAS",0,0,1,""
"ENSG00000027697.15","IFNGR1",0,0,2,""
"ENSG00000028528.15","SNX1",0,0,1,""
"ENSG00000029364.12","SLC39A9",0.5,3,6,"PID_ERBB1_INTERNALIZATION_PATHWAY,PID_CDC42_PATHWAY,PID_ECADHERIN_NASCENT_AJ_PATHWAY"
"ENSG00000032219.19","ARID4A",0.0740740740740741,2,27,"RAPA_EARLY_UP.V1_DN,PDGF_ERK_DN.V1_DN"
"ENSG00000033100.17","CHPF2",0.153846153846154,2,13,"PGF_UP.V1_UP,HALLMARK_PROTEIN_SECRETION"
"ENSG00000033800.14","PIAS1",0,0,14,""
"ENSG00000037757.14","MRI1",0.5,1,2,"HALLMARK_PROTEIN_SECRETION"
"ENSG00000038532.16","CLEC16A",0.2,3,15,"PGF_UP.V1_UP,SRC_UP.V1_UP,HALLMARK_DNA_REPAIR"
"ENSG00000039523.20","RIPOR1",0,0,17,""
"ENSG00000043093.15","DCUN1D1",1,1,1,"PID_ERBB1_INTERNALIZATION_PATHWAY"
"ENSG00000044090.13","CUL7",0,0,4,""
"ENSG00000044115.21","CTNNA1",0,0,2,""
"ENSG00000047849.22","MAP4",0.166666666666667,2,12,"PID_ERBB1_INTERNALIZATION_PATHWAY,PGF_UP.V1_UP"
"ENSG00000048707.15","VPS13D",0.111111111111111,1,9,"EIF4E_UP"
"ENSG00000048991.17","R3HDM1",0,0,8,""
"ENSG00000049323.16","LTBP1",0,0,1,""
"ENSG00000049656.14","CLPTM1L",0,0,1,""
"ENSG00000050327.15","ARHGEF5",0.125,1,8,"SRC_UP.V1_UP"
"ENSG00000050405.14","LIMA1",0,0,4,""
"ENSG00000051009.11","FHIP1B",0.0875,7,80,"STK33_DN,CYCLIN_D1_UP.V1_DN,SIRNA_EIF4GI_UP,JAK2_DN.V1_DN,MTOR_UP.N4.V1_UP,HALLMARK_ADIPOGENESIS,HALLMARK_FATTY_ACID_METABOLISM"
"ENSG00000052126.15","PLEKHA5",0,0,1,""
"ENSG00000054611.14","TBC1D22A",0,0,24,""
"ENSG00000054654.20","SYNE2",0,0,1,""
"ENSG00000054793.14","ATP9A",0.222222222222222,2,9,"EIF4E_UP,SRC_UP.V1_UP"
"ENSG00000056277.16","ZNF280C",0,0,48,""
"ENSG00000056586.16","RC3H2",0.0666666666666667,6,90,"RAPA_EARLY_UP.V1_DN,HALLMARK_UV_RESPONSE_UP,SRC_UP.V1_UP,RB_P130_DN.V1_UP,HALLMARK_DNA_REPAIR,CAMP_UP.V1_UP"
"ENSG00000056972.20","TRAF3IP2",0,0,1,""
"ENSG00000058668.15","ATP2B4",0,0,14,""
"ENSG00000058799.15","YIPF1",0,0,2,""
"ENSG00000060491.17","OGFR",0.478260869565217,11,23,"STK33_NOMO_DN,STK33_DN,ESC_V6.5_UP_LATE.V1_DN,SIRNA_EIF4GI_UP,JAK2_DN.V1_DN,EIF4E_UP,MTOR_UP.N4.V1_UP,PDGF_ERK_DN.V1_UP,HALLMARK_ADIPOGENESIS,HALLMARK_OXIDATIVE_PHOSPHORYLATION,RB_P107_DN.V1_DN"
"ENSG00000061938.21","TNK2",0,0,6,""
"ENSG00000062598.18","ELMO2",0,0,5,""
"ENSG00000063244.13","U2AF2",0,0,2,""
"ENSG00000063245.15","EPN1",0.0952380952380952,6,63,"ESC_J1_UP_EARLY.V1_UP,JAK2_DN.V1_DN,RAPA_EARLY_UP.V1_DN,EIF4E_UP,HALLMARK_UV_RESPONSE_UP,SRC_UP.V1_UP"
"ENSG00000063587.15","ZNF275",0,0,1,""
"ENSG00000064102.15","INTS13",0.25,2,8,"PGF_UP.V1_UP,SRC_UP.V1_UP"
"ENSG00000064687.13","ABCA7",0,0,2,""
"ENSG00000064932.16","SBNO2",0,0,1,""
"ENSG00000065000.19","AP3D1",0,0,8,""
"ENSG00000065154.12","OAT",0,0,3,""
"ENSG00000065361.17","ERBB3",0,0,5,""
"ENSG00000065613.15","SLK",0.285714285714286,2,7,"PID_RAS_PATHWAY,JNK_DN.V1_DN"
"ENSG00000065717.15","TLE2",0,0,1,""
"ENSG00000066294.15","CD84",0,0,1,""
"ENSG00000069849.11","ATP1B3",0.25,1,4,"PID_ECADHERIN_NASCENT_AJ_PATHWAY"
"ENSG00000070047.13","PHRF1",0,0,27,""
"ENSG00000070413.20","DGCR2",1,1,1,"PID_ERBB1_INTERNALIZATION_PATHWAY"
"ENSG00000070610.14","GBA2",0.5,1,2,"HALLMARK_PROTEIN_SECRETION"
"ENSG00000070759.17","TESK2",0.142857142857143,1,7,"PGF_UP.V1_UP"
"ENSG00000070785.17","EIF2B3",0,0,2,""
"ENSG00000071073.13","MGAT4A",0,0,1,""
"ENSG00000071205.12","ARHGAP10",0,0,7,""
"ENSG00000071282.12","LMCD1",0,0,8,""
"ENSG00000071553.18","ATP6AP1",0,0,2,""
"ENSG00000071575.12","TRIB2",0,0,2,""
"ENSG00000072042.13","RDH11",0,0,4,""
"ENSG00000072062.15","PRKACA",0,0,3,""
"ENSG00000072274.13","TFRC",0,0,6,""
"ENSG00000072415.10","PALS1",0,0,3,""
"ENSG00000073803.14","MAP3K13",0.229166666666667,11,48,"SIRNA_EIF4GI_UP,JAK2_DN.V1_DN,EIF4E_UP,MTOR_UP.N4.V1_UP,HALLMARK_PI3K_AKT_MTOR_SIGNALING,HALLMARK_ADIPOGENESIS,HALLMARK_DNA_REPAIR,HALLMARK_REACTIVE_OXYGEN_SPECIES_PATHWAY,HALLMARK_OXIDATIVE_PHOSPHORYLATION,HALLMARK_FATTY_ACID_METABOLISM,HALLMARK_UNFOLDED_PROTEIN_RESPONSE"
"ENSG00000073910.23","FRY",0,0,1,""
"ENSG00000074603.19","DPP8",0.0416666666666667,4,96,"HALLMARK_UV_RESPONSE_UP,RB_P130_DN.V1_UP,HALLMARK_DNA_REPAIR,CAMP_UP.V1_UP"
"ENSG00000075073.16","TACR2",0,0,126,""
"ENSG00000075240.17","GRAMD4",1,1,1,"TBK1.DF_DN"
"ENSG00000075275.18","CELSR1",0,0,1,""
"ENSG00000075399.14","VPS9D1",0.0540540540540541,2,37,"PID_LYSOPHOSPHOLIPID_PATHWAY,PRC2_SUZ12_UP.V1_UP"
"ENSG00000075945.13","KIFAP3",0,0,8,""
"ENSG00000075975.17","MKRN2",0,0,3,""
"ENSG00000076248.11","UNG",0.333333333333333,1,3,"PID_IGF1_PATHWAY"
"ENSG00000076770.15","MBNL3",0,0,1,""
"ENSG00000077157.22","PPP1R12B",0,0,134,""
"ENSG00000077238.14","IL4R",0,0,2,""
"ENSG00000078674.19","PCM1",1,2,2,"EIF4E_UP,SRC_UP.V1_UP"
"ENSG00000079335.20","CDC14A",0,0,57,""
"ENSG00000079432.9","CIC",0.8,4,5,"ESC_V6.5_UP_LATE.V1_DN,HALLMARK_UV_RESPONSE_UP,SRC_UP.V1_UP,RB_DN.V1_UP"
"ENSG00000079999.14","KEAP1",1,1,1,"PID_ERBB1_INTERNALIZATION_PATHWAY"
"ENSG00000080603.17","SRCAP",0,0,8,""
"ENSG00000080815.19","PSEN1",0,0,1,""
"ENSG00000081791.9","DELE1",0,0,2,""
"ENSG00000081803.17","CADPS2",0.333333333333333,3,9,"EIF4E_UP,PGF_UP.V1_UP,SRC_UP.V1_UP"
"ENSG00000082153.18","BZW1",0.333333333333333,2,6,"PID_ERBB1_INTERNALIZATION_PATHWAY,PGF_UP.V1_UP"
"ENSG00000082258.13","CCNT2",1,1,1,"PID_ERBB1_INTERNALIZATION_PATHWAY"
"ENSG00000082438.18","COBLL1",0,0,1,""
"ENSG00000082701.17","GSK3B",0,0,1,""
"ENSG00000082996.20","RNF13",0,0,4,""
"ENSG00000083223.18","TUT7",0.1,1,10,"PID_ERBB1_INTERNALIZATION_PATHWAY"
"ENSG00000083312.19","TNPO1",0,0,2,""
"ENSG00000083812.13","ZNF324",0.111111111111111,1,9,"EIF4E_UP"
"ENSG00000083838.17","ZNF446",0,0,13,""
"ENSG00000083896.13","YTHDC1",0,0,4,""
"ENSG00000084093.19","REST",0,0,3,""
"ENSG00000084774.14","CAD",0.333333333333333,1,3,"EIF4E_UP"
"ENSG00000085224.23","ATRX",0,0,1,""
"ENSG00000085832.17","EPS15",0,0,7,""
"ENSG00000085978.22","ATG16L1",0,0,1,""
"ENSG00000086015.23","MAST2",0.294117647058824,5,17,"EIF4E_UP,PGF_UP.V1_UP,SRC_UP.V1_UP,BCAT_BILD_ET_AL_DN,MTOR_UP.N4.V1_DN"
"ENSG00000086200.17","IPO11",0.307692307692308,4,13,"PID_ERBB1_INTERNALIZATION_PATHWAY,PGF_UP.V1_UP,HALLMARK_PROTEIN_SECRETION,PID_CDC42_PATHWAY"
"ENSG00000086758.16","HUWE1",0.384615384615385,5,13,"EIF4E_UP,SRC_UP.V1_UP,HALLMARK_DNA_REPAIR,HALLMARK_OXIDATIVE_PHOSPHORYLATION,MTOR_UP.N4.V1_DN"
"ENSG00000087152.16","ATXN7L3",0,0,9,""
"ENSG00000087269.16","NOP14",0,0,54,""
"ENSG00000087365.16","SF3B2",0,0,7,""
"ENSG00000087460.29","GNAS",0,0,1,""
"ENSG00000088038.19","CNOT3",0,0,2,""
"ENSG00000088280.20","ASAP3",0,0,8,""
"ENSG00000088298.13","EDEM2",0,0,1,""
"ENSG00000088387.21","DOCK9",0,0,3,""
"ENSG00000088448.14","ANKRD10",0,0,3,""
"ENSG00000088827.13","SIGLEC1",0,0,7,""
"ENSG00000088888.18","MAVS",0,0,8,""
"ENSG00000088970.16","KIZ",0,0,5,""
"ENSG00000089094.20","KDM2B",0,0,11,""
"ENSG00000089248.7","ERP29",0,0,17,""
"ENSG00000089876.12","DHX32",0.4,6,15,"PID_ERBB1_INTERNALIZATION_PATHWAY,PGF_UP.V1_UP,HALLMARK_PROTEIN_SECRETION,PID_CDC42_PATHWAY,PID_SMAD2_3PATHWAY,PID_ECADHERIN_NASCENT_AJ_PATHWAY"
"ENSG00000090238.12","YPEL3",1,2,2,"STK33_DN,JAK2_DN.V1_DN"
"ENSG00000090565.17","RAB11FIP3",0,0,58,""
"ENSG00000090686.16","USP48",0,0,1,""
"ENSG00000090989.18","EXOC1",0,0,1,""
"ENSG00000091527.17","CDV3",0,0,16,""
"ENSG00000091656.19","ZFHX4",0,0,57,""
"ENSG00000091831.25","ESR1",0,0,2,""
"ENSG00000092439.16","TRPM7",0,0,12,""
"ENSG00000092853.14","CLSPN",0.0833333333333333,1,12,"HALLMARK_P53_PATHWAY"
"ENSG00000095139.15","ARCN1",0.363636363636364,4,11,"EIF4E_UP,PID_ERBB1_INTERNALIZATION_PATHWAY,PGF_UP.V1_UP,SRC_UP.V1_UP"
"ENSG00000095637.23","SORBS1",0,0,1,""
"ENSG00000096696.15","DSP",0.214285714285714,3,14,"EIF4E_UP,BCAT_BILD_ET_AL_DN,HALLMARK_DNA_REPAIR"
"ENSG00000096717.12","SIRT1",0.333333333333333,1,3,"EIF4E_UP"
"ENSG00000099250.18","NRP1",0,0,2,""
"ENSG00000099331.14","MYO9B",0,0,2,""
"ENSG00000099385.12","BCL7C",0,0,53,""
"ENSG00000099991.18","CABIN1",0,0,9,""
"ENSG00000099998.19","GGT5",0,0,2,""
"ENSG00000100003.18","SEC14L2",0,0,17,""
"ENSG00000100029.18","PES1",0,0,3,""
"ENSG00000100036.13","SLC35E4",0.0158730158730159,1,63,"HALLMARK_CHOLESTEROL_HOMEOSTASIS"
"ENSG00000100038.20","TOP3B",0,0,2,""
"ENSG00000100083.19","GGA1",0,0,3,""
"ENSG00000100106.22","TRIOBP",0.0833333333333333,1,12,"PID_AR_PATHWAY"
"ENSG00000100167.21","SEPTIN3",0.142857142857143,1,7,"PGF_UP.V1_UP"
"ENSG00000100207.21","TCF20",0.260869565217391,6,23,"ESC_V6.5_UP_LATE.V1_DN,RAPA_EARLY_UP.V1_DN,EIF4E_UP,SRC_UP.V1_UP,RB_P130_DN.V1_UP,HALLMARK_DNA_REPAIR"
"ENSG00000100292.18","HMOX1",0,0,2,""
"ENSG00000100294.13","MCAT",0,0,1,""
"ENSG00000100297.16","MCM5",0.214285714285714,6,28,"RAPA_EARLY_UP.V1_DN,HALLMARK_UV_RESPONSE_UP,SRC_UP.V1_UP,RB_P130_DN.V1_UP,HALLMARK_DNA_REPAIR,CAMP_UP.V1_UP"
"ENSG00000100300.18","TSPO",0,0,6,""
"ENSG00000100348.10","TXN2",0,0,1,""
"ENSG00000100354.21","TNRC6B",0,0,1,""
"ENSG00000100365.16","NCF4",0,0,3,""
"ENSG00000100393.14","EP300",0.8,8,10,"EIF4E_UP,CYCLIN_D1_KE_.V1_UP,HALLMARK_UV_RESPONSE_UP,SRC_UP.V1_UP,RB_P130_DN.V1_UP,HALLMARK_DNA_REPAIR,HALLMARK_OXIDATIVE_PHOSPHORYLATION,CAMP_UP.V1_UP"
"ENSG00000100504.17","PYGL",0,0,1,""
"ENSG00000100528.12","CNIH1",0.5,1,2,"HALLMARK_DNA_REPAIR"
"ENSG00000100558.9","PLEK2",0.5,1,2,"PID_ECADHERIN_NASCENT_AJ_PATHWAY"
"ENSG00000100567.13","PSMA3",0,0,23,""
"ENSG00000100592.16","DAAM1",0,0,1,""
"ENSG00000100600.15","LGMN",0,0,44,""
"ENSG00000100603.14","SNW1",0.222222222222222,2,9,"PGF_UP.V1_UP,SRC_UP.V1_UP"
"ENSG00000100813.15","ACIN1",0.0769230769230769,1,13,"PID_ERBB1_INTERNALIZATION_PATHWAY"
"ENSG00000100836.11","PABPN1",0.666666666666667,2,3,"LTE2_UP.V1_UP,JAK2_DN.V1_DN"
"ENSG00000100889.12","PCK2",0,0,14,""
"ENSG00000100982.12","PCIF1",0.157894736842105,3,19,"PID_ERBB1_INTERNALIZATION_PATHWAY,PID_CDC42_PATHWAY,PID_ECADHERIN_NASCENT_AJ_PATHWAY"
"ENSG00000100983.12","GSS",0,0,4,""
"ENSG00000101019.22","UQCC1",0.444444444444444,4,9,"STK33_NOMO_DN,STK33_DN,SIRNA_EIF4GI_UP,CRX_NRL_DN.V1_DN"
"ENSG00000101079.21","NDRG3",0,0,2,""
"ENSG00000101216.11","GMEB2",0,0,2,""
"ENSG00000101335.10","MYL9",0,0,13,""
"ENSG00000102057.10","KCND1",0,0,2,""
"ENSG00000102804.15","TSC22D1",0,0,74,""
"ENSG00000102871.16","TRADD",1,3,3,"LTE2_UP.V1_UP,JAK2_DN.V1_DN,RB_P130_DN.V1_DN"
"ENSG00000102934.10","PLLP",0,0,61,""
"ENSG00000103005.12","USB1",0,0,77,""
"ENSG00000103037.12","SETD6",0.5,1,2,"JAK2_DN.V1_DN"
"ENSG00000103260.9","METRN",1,1,1,"JAK2_DN.V1_DN"
"ENSG00000103423.14","DNAJA3",0,0,7,""
"ENSG00000103642.12","LACTB",0,0,1,""
"ENSG00000103942.13","HOMER2",0.542857142857143,19,35,"SIRNA_EIF4GI_UP,JAK2_DN.V1_DN,GCNP_SHH_UP_LATE.V1_DN,EIF4E_UP,MTOR_UP.N4.V1_UP,MYC_UP.V1_UP,HALLMARK_CHOLESTEROL_HOMEOSTASIS,HALLMARK_MYC_TARGETS_V2,AKT_UP.V1_UP,HALLMARK_PEROXISOME,HALLMARK_ADIPOGENESIS,HALLMARK_DNA_REPAIR,HALLMARK_REACTIVE_OXYGEN_SPECIES_PATHWAY,HALLMARK_OXIDATIVE_PHOSPHORYLATION,MTOR_UP.N4.V1_DN,HALLMARK_FATTY_ACID_METABOLISM,HALLMARK_UNFOLDED_PROTEIN_RESPONSE,CAMP_UP.V1_UP,RB_P107_DN.V1_DN"
"ENSG00000104067.17","TJP1",0.25,1,4,"HALLMARK_DNA_REPAIR"
"ENSG00000104320.14","NBN",0,0,15,""
"ENSG00000104549.12","SQLE",0.4,2,5,"EIF4E_UP,SRC_UP.V1_UP"
"ENSG00000104812.15","GYS1",0.4,4,10,"PID_ERBB1_INTERNALIZATION_PATHWAY,HALLMARK_PROTEIN_SECRETION,PID_CDC42_PATHWAY,PID_ECADHERIN_NASCENT_AJ_PATHWAY"
"ENSG00000104824.18","HNRNPL",0,0,8,""
"ENSG00000104853.16","CLPTM1",0,0,14,""
"ENSG00000104880.19","ARHGEF18",0,0,1,""
"ENSG00000104886.12","PLEKHJ1",0,0,31,""
"ENSG00000104973.19","MED25",0,0,4,""
"ENSG00000104976.12","SNAPC2",0,0,1,""
"ENSG00000105088.9","OLFM2",0,0,6,""
"ENSG00000105185.12","PDCD5",0.777777777777778,7,9,"JAK2_DN.V1_DN,MTOR_UP.N4.V1_UP,HALLMARK_PEROXISOME,HALLMARK_OXIDATIVE_PHOSPHORYLATION,HALLMARK_UNFOLDED_PROTEIN_RESPONSE,HALLMARK_MTORC1_SIGNALING,RB_P107_DN.V1_DN"
"ENSG00000105204.14","DYRK1B",0,0,1,""
"ENSG00000105321.14","CCDC9",0,0,9,""
"ENSG00000105372.8","RPS19",0,0,63,""
"ENSG00000105426.18","PTPRS",0.304347826086957,7,23,"ESC_V6.5_UP_LATE.V1_DN,RAPA_EARLY_UP.V1_DN,EIF4E_UP,HALLMARK_UV_RESPONSE_UP,SRC_UP.V1_UP,HALLMARK_DNA_REPAIR,HALLMARK_OXIDATIVE_PHOSPHORYLATION"
"ENSG00000105429.13","MEGF8",0,0,5,""
"ENSG00000105519.18","CAPS",0,0,6,""
"ENSG00000105552.15","BCAT2",0,0,16,""
"ENSG00000105556.12","MIER2",0.777777777777778,7,9,"TBK1.DF_DN,PID_ERBB1_INTERNALIZATION_PATHWAY,PGF_UP.V1_UP,HALLMARK_PROTEIN_SECRETION,PID_CDC42_PATHWAY,ERBB2_UP.V1_DN,PID_ECADHERIN_NASCENT_AJ_PATHWAY"
"ENSG00000105568.18","PPP2R1A",0.4,4,10,"PID_ERBB1_INTERNALIZATION_PATHWAY,HALLMARK_PROTEIN_SECRETION,PID_MET_PATHWAY,PID_ECADHERIN_NASCENT_AJ_PATHWAY"
"ENSG00000105576.16","TNPO2",0,0,59,""
"ENSG00000105707.15","HPN",0,0,4,""
"ENSG00000105722.10","ERF",0,0,10,""
"ENSG00000105771.14","SMG9",0,0,6,""
"ENSG00000105879.12","CBLL1",0.125,1,8,"SIRNA_EIF4GI_UP"
"ENSG00000106052.14","TAX1BP1",0,0,5,""
"ENSG00000106261.17","ZKSCAN1",0,0,5,""
"ENSG00000106344.8","RBM28",0,0,1,""
"ENSG00000106355.10","LSM5",0,0,1,""
"ENSG00000106397.12","PLOD3",0.222222222222222,4,18,"PID_ERBB1_INTERNALIZATION_PATHWAY,PGF_UP.V1_UP,HALLMARK_PROTEIN_SECRETION,MTOR_UP.N4.V1_DN"
"ENSG00000106526.11","ACTR3C",0,0,13,""
"ENSG00000106682.16","EIF4H",0,0,5,""
"ENSG00000106799.13","TGFBR1",0,0,3,""
"ENSG00000106991.14","ENG",0,0,1,""
"ENSG00000107021.16","TBC1D13",0.25,3,12,"PID_ERBB1_INTERNALIZATION_PATHWAY,HALLMARK_PROTEIN_SECRETION,PID_CDC42_PATHWAY"
"ENSG00000107262.26","BAG1",0,0,6,""
"ENSG00000107281.10","NPDC1",1,1,1,"JAK2_DN.V1_DN"
"ENSG00000107554.17","DNMBP",0.333333333333333,1,3,"EIF4E_UP"
"ENSG00000107562.17","CXCL12",0,0,24,""
"ENSG00000107949.17","BCCIP",0,0,1,""
"ENSG00000108021.20","TASOR2",0.25,1,4,"PTEN_DN.V2_DN"
"ENSG00000108039.18","XPNPEP1",0,0,1,""
"ENSG00000108100.18","CCNY",0.5,2,4,"SRC_UP.V1_UP,CAMP_UP.V1_UP"
"ENSG00000108375.13","RNF43",0.4375,7,16,"EIF4E_UP,PGF_UP.V1_UP,SRC_UP.V1_UP,BCAT_BILD_ET_AL_DN,HALLMARK_DNA_REPAIR,MTOR_UP.N4.V1_DN,ERBB2_UP.V1_DN"
"ENSG00000108389.10","MTMR4",0.0769230769230769,1,13,"EIF4E_UP"
"ENSG00000108423.15","TUBD1",0,0,3,""
"ENSG00000108641.20","B9D1",0.733333333333333,11,15,"STK33_DN,LTE2_UP.V1_UP,SIRNA_EIF4GI_UP,JAK2_DN.V1_DN,MYC_UP.V1_UP,PID_CERAMIDE_PATHWAY,HALLMARK_PEROXISOME,HALLMARK_ADIPOGENESIS,HALLMARK_OXIDATIVE_PHOSPHORYLATION,HALLMARK_FATTY_ACID_METABOLISM,RB_P107_DN.V1_DN"
"ENSG00000108669.17","CYTH1",0,0,2,""
"ENSG00000108950.12","FAM20A",0,0,1,""
"ENSG00000109118.14","PHF12",0.222222222222222,2,9,"STK33_NOMO_DN,STK33_DN"
"ENSG00000109572.15","CLCN3",0,0,2,""
"ENSG00000109685.19","NSD2",0.125,1,8,"HALLMARK_PROTEIN_SECRETION"
"ENSG00000109771.16","LRP2BP",0,0,1,""
"ENSG00000109917.11","ZPR1",0,0,2,""
"ENSG00000110013.13","SIAE",0.3125,5,16,"LTE2_UP.V1_UP,HALLMARK_CHOLESTEROL_HOMEOSTASIS,HALLMARK_PEROXISOME,HALLMARK_ADIPOGENESIS,HALLMARK_FATTY_ACID_METABOLISM"
"ENSG00000110046.13","ATG2A",0.333333333333333,4,12,"EIF4E_UP,PID_ERBB1_INTERNALIZATION_PATHWAY,SRC_UP.V1_UP,HALLMARK_DNA_REPAIR"
"ENSG00000110075.15","PPP6R3",0,0,8,""
"ENSG00000110237.5","ARHGEF17",0.25,2,8,"BCAT_BILD_ET_AL_DN,MTOR_UP.N4.V1_DN"
"ENSG00000110330.10","BIRC2",0.1,2,20,"EIF4E_UP,PGF_UP.V1_UP"
"ENSG00000110429.14","FBXO3",0,0,11,""
"ENSG00000110651.12","CD81",0.0625,1,16,"PID_ERBB1_INTERNALIZATION_PATHWAY"
"ENSG00000110841.14","PPFIBP1",0,0,1,""
"ENSG00000110931.19","CAMKK2",0,0,1,""
"ENSG00000111144.10","LTA4H",0,0,2,""
"ENSG00000111196.10","MAGOHB",0.1875,3,16,"EIF4E_UP,HALLMARK_DNA_REPAIR,CAMP_UP.V1_UP"
"ENSG00000111639.8","MRPL51",0,0,1,""
"ENSG00000111640.15","GAPDH",0.388888888888889,7,18,"TBK1.DF_DN,PID_ERBB1_INTERNALIZATION_PATHWAY,PGF_UP.V1_UP,HALLMARK_PROTEIN_SECRETION,PID_CDC42_PATHWAY,PID_SMAD2_3PATHWAY,PID_ECADHERIN_NASCENT_AJ_PATHWAY"
"ENSG00000111647.13","UHRF1BP1L",0.444444444444444,4,9,"GCNP_SHH_UP_LATE.V1_DN,EIF4E_UP,SRC_UP.V1_UP,HALLMARK_DNA_REPAIR"
"ENSG00000111665.12","CDCA3",0,0,1,""
"ENSG00000111671.10","SPSB2",0,0,1,""
"ENSG00000111674.9","ENO2",0,0,15,""
"ENSG00000111731.13","C2CD5",0,0,2,""
"ENSG00000111752.11","PHC1",0.2,1,5,"EIF4E_UP"
"ENSG00000111846.20","GCNT2",0,0,1,""
"ENSG00000111912.20","NCOA7",0,0,29,""
"ENSG00000112029.10","FBXO5",0,0,1,""
"ENSG00000112033.14","PPARD",0,0,7,""
"ENSG00000112200.17","ZNF451",0,0,61,""
"ENSG00000112576.13","CCND3",0.333333333333333,1,3,"PID_PLK1_PATHWAY"
"ENSG00000112655.16","PTK7",0,0,5,""
"ENSG00000112697.17","TMEM30A",0,0,1,""
"ENSG00000112699.11","GMDS",0,0,1,""
"ENSG00000113048.17","MRPS27",0,0,2,""
"ENSG00000113282.14","CLINT1",0.333333333333333,3,9,"SIRNA_EIF4GI_UP,HALLMARK_UV_RESPONSE_UP,CAMP_UP.V1_UP"
"ENSG00000113558.19","SKP1",0.25,2,8,"RB_P130_DN.V1_UP,HALLMARK_DNA_REPAIR"
"ENSG00000113595.15","TRIM23",0,0,45,""
"ENSG00000113615.13","SEC24A",0.104166666666667,10,96,"MTOR_UP.V1_DN,BMI1_DN.V1_DN,AKT_UP.V1_DN,BCAT_BILD_ET_AL_UP,PID_P38_ALPHA_BETA_DOWNSTREAM_PATHWAY,SIRNA_EIF4GI_UP,AKT_UP_MTOR_DN.V1_DN,HALLMARK_APOPTOSIS,BCAT.100_UP.V1_UP,ATF2_S_UP.V1_UP"
"ENSG00000113621.15","TXNDC15",0,0,2,""
"ENSG00000113742.14","CPEB4",0,0,9,""
"ENSG00000113761.12","ZNF346",0.102564102564103,4,39,"ESC_V6.5_UP_LATE.V1_DN,SIRNA_EIF4GI_UP,PDGF_ERK_DN.V1_DN,HALLMARK_GLYCOLYSIS"
"ENSG00000114054.14","PCCB",0,0,5,""
"ENSG00000114316.13","USP4",0,0,1,""
"ENSG00000114686.9","MRPL3",0,0,9,""
"ENSG00000114812.13","VIPR1",0,0,1,""
"ENSG00000115109.14","EPB41L5",0,0,1,""
"ENSG00000115339.14","GALNT3",0.2,2,10,"EIF4E_UP,SRC_UP.V1_UP"
"ENSG00000115464.15","USP34",0.19047619047619,4,21,"EIF4E_UP,PGF_UP.V1_UP,SRC_UP.V1_UP,HALLMARK_DNA_REPAIR"
"ENSG00000115484.15","CCT4",0.4,2,5,"PID_ERBB1_INTERNALIZATION_PATHWAY,PID_CDC42_PATHWAY"
"ENSG00000115594.12","IL1R1",0,0,2,""
"ENSG00000115652.15","UXS1",0,0,3,""
"ENSG00000115661.14","STK16",0,0,2,""
"ENSG00000115761.16","NOL10",0,0,4,""
"ENSG00000115970.19","THADA",0.0909090909090909,1,11,"PGF_UP.V1_UP"
"ENSG00000116062.18","MSH6",0,0,1,""
"ENSG00000116127.20","ALMS1",1,2,2,"EIF4E_UP,SRC_UP.V1_UP"
"ENSG00000116128.12","BCL9",1,1,1,"EIF4E_UP"
"ENSG00000116138.13","DNAJC16",0,0,3,""
"ENSG00000116584.21","ARHGEF2",0,0,19,""
"ENSG00000116641.18","DOCK7",0.2,4,20,"ESC_V6.5_UP_LATE.V1_DN,RAPA_EARLY_UP.V1_DN,RB_P130_DN.V1_UP,HALLMARK_DNA_REPAIR"
"ENSG00000116698.22","SMG7",0.0303030303030303,1,33,"SRC_UP.V1_UP"
"ENSG00000116731.23","PRDM2",0,0,4,""
"ENSG00000116815.16","CD58",0.375,9,24,"ESC_V6.5_UP_LATE.V1_DN,SIRNA_EIF4GI_UP,JAK2_DN.V1_DN,EIF4E_UP,MTOR_UP.N4.V1_UP,HALLMARK_ADIPOGENESIS,HALLMARK_OXIDATIVE_PHOSPHORYLATION,HALLMARK_FATTY_ACID_METABOLISM,RB_P107_DN.V1_DN"
"ENSG00000116962.15","NID1",0,0,18,""
"ENSG00000117114.21","ADGRL2",0,0,4,""
"ENSG00000117153.16","KLHL12",0.3125,5,16,"PID_ERBB1_INTERNALIZATION_PATHWAY,HALLMARK_PROTEIN_SECRETION,PID_PI3KCI_AKT_PATHWAY,PID_CDC42_PATHWAY,PID_ECADHERIN_NASCENT_AJ_PATHWAY"
"ENSG00000117305.15","HMGCL",0.2,1,5,"PID_ECADHERIN_NASCENT_AJ_PATHWAY"
"ENSG00000117410.14","ATP6V0B",0.2,2,10,"PID_PI3KCI_AKT_PATHWAY,PID_ERBB1_DOWNSTREAM_PATHWAY"
"ENSG00000117419.16","ERI3",0.133333333333333,2,15,"PGF_UP.V1_UP,HALLMARK_PROTEIN_SECRETION"
"ENSG00000117479.15","SLC19A2",0,0,5,""
"ENSG00000117523.18","PRRC2C",0,0,1,""
"ENSG00000117595.12","IRF6",0.333333333333333,4,12,"PGF_UP.V1_UP,HALLMARK_PROTEIN_SECRETION,PID_CDC42_PATHWAY,PID_ECADHERIN_NASCENT_AJ_PATHWAY"
"ENSG00000117620.15","SLC35A3",0,0,1,""
"ENSG00000117868.18","ESYT2",0.25,1,4,"PID_RAS_PATHWAY"
"ENSG00000117877.11","POLR1G",0,0,10,""
"ENSG00000117906.14","RCN2",0,0,1,""
"ENSG00000118096.10","IFT46",0.4,2,5,"PID_MET_PATHWAY,PID_ECADHERIN_NASCENT_AJ_PATHWAY"
"ENSG00000118197.14","DDX59",0.285714285714286,4,14,"PID_ERBB1_INTERNALIZATION_PATHWAY,PGF_UP.V1_UP,HALLMARK_PROTEIN_SECRETION,PID_CDC42_PATHWAY"
"ENSG00000118200.15","CAMSAP2",0.2,1,5,"EIF4E_UP"
"ENSG00000118369.13","USP35",0,0,2,""
"ENSG00000118454.13","ANKRD13C",0.428571428571429,3,7,"HALLMARK_MITOTIC_SPINDLE,PGF_UP.V1_UP,ERBB2_UP.V1_DN"
"ENSG00000118495.21","PLAGL1",0,0,1,""
"ENSG00000118564.15","FBXL5",0,0,1,""
"ENSG00000119326.15","CTNNAL1",0.428571428571429,6,14,"TBK1.DF_DN,PID_ERBB1_INTERNALIZATION_PATHWAY,PGF_UP.V1_UP,HALLMARK_PROTEIN_SECRETION,PID_CDC42_PATHWAY,PID_ECADHERIN_NASCENT_AJ_PATHWAY"
"ENSG00000119383.21","PTPA",0.5,3,6,"PID_ERBB1_INTERNALIZATION_PATHWAY,PGF_UP.V1_UP,ERBB2_UP.V1_DN"
"ENSG00000119392.16","GLE1",0,0,1,""
"ENSG00000119408.17","NEK6",0,0,2,""
"ENSG00000119471.15","HSDL2",0,0,8,""
"ENSG00000119778.15","ATAD2B",0.285714285714286,2,7,"SRC_UP.V1_UP,HALLMARK_DNA_REPAIR"
"ENSG00000119900.9","OGFRL1",0,0,1,""
"ENSG00000120158.12","RCL1",0.25,2,8,"PGF_UP.V1_UP,HALLMARK_PROTEIN_SECRETION"
"ENSG00000120438.12","TCP1",0,0,2,""
"ENSG00000120533.13","ENY2",0,0,1,""
"ENSG00000120708.17","TGFBI",0,0,8,""
"ENSG00000120733.14","KDM3B",0.6,3,5,"EIF4E_UP,SRC_UP.V1_UP,MTOR_UP.N4.V1_DN"
"ENSG00000120868.14","APAF1",0,0,1,""
"ENSG00000120915.14","EPHX2",0,0,1,""
"ENSG00000120948.19","TARDBP",1,2,2,"JAK2_DN.V1_DN,PID_ERBB1_INTERNALIZATION_PATHWAY"
"ENSG00000121005.9","CRISPLD1",0,0,25,""
"ENSG00000121210.16","TMEM131L",0,0,3,""
"ENSG00000121413.13","ZSCAN18",0,0,11,""
"ENSG00000121481.11","RNF2",0,0,33,""
"ENSG00000121578.13","B4GALT4",0.583333333333333,14,24,"STK33_NOMO_DN,STK33_DN,LTE2_UP.V1_UP,SIRNA_EIF4GI_UP,JAK2_DN.V1_DN,HALLMARK_GLYCOLYSIS,PID_CERAMIDE_PATHWAY,HALLMARK_PI3K_AKT_MTOR_SIGNALING,HALLMARK_ADIPOGENESIS,HALLMARK_OXIDATIVE_PHOSPHORYLATION,HALLMARK_FATTY_ACID_METABOLISM,HALLMARK_UNFOLDED_PROTEIN_RESPONSE,TBK1.DN.48HRS_DN,RB_P107_DN.V1_DN"
"ENSG00000121931.16","LRIF1",0.166666666666667,2,12,"ESC_V6.5_UP_LATE.V1_DN,HALLMARK_UV_RESPONSE_UP"
"ENSG00000122378.14","PRXL2A",0,0,1,""
"ENSG00000122482.22","ZNF644",0,0,9,""
"ENSG00000122642.11","FKBP9",1,1,1,"PID_CDC42_PATHWAY"
"ENSG00000122786.20","CALD1",0,0,3,""
"ENSG00000123130.17","ACOT9",0,0,2,""
"ENSG00000123159.16","GIPC1",0,0,6,""
"ENSG00000123200.17","ZC3H13",0,0,16,""
"ENSG00000124067.17","SLC12A4",0,0,1,""
"ENSG00000124164.16","VAPB",0.25,2,8,"MYC_UP.V1_UP,MTOR_UP.N4.V1_DN"
"ENSG00000124214.21","STAU1",0,0,4,""
"ENSG00000124422.12","USP22",0,0,3,""
"ENSG00000124786.12","SLC35B3",0,0,11,""
"ENSG00000124789.12","NUP153",0,0,6,""
"ENSG00000124795.17","DEK",0,0,3,""
"ENSG00000124831.19","LRRFIP1",0.333333333333333,2,6,"EIF4E_UP,HALLMARK_DNA_REPAIR"
"ENSG00000125170.11","DOK4",0,0,1,""
"ENSG00000125434.11","SLC25A35",0,0,2,""
"ENSG00000125482.13","TTF1",0.416666666666667,5,12,"HALLMARK_MITOTIC_SPINDLE,EIF4E_UP,SRC_UP.V1_UP,BCAT_BILD_ET_AL_DN,HALLMARK_DNA_REPAIR"
"ENSG00000125686.12","MED1",0.2,1,5,"PID_CDC42_PATHWAY"
"ENSG00000125691.14","RPL23",0,0,42,""
"ENSG00000125772.14","GPCPD1",0,0,2,""
"ENSG00000125843.11","AP5S1",0,0,26,""
"ENSG00000125871.14","MGME1",0.2,2,10,"PGF_UP.V1_UP,HALLMARK_PROTEIN_SECRETION"
"ENSG00000125912.11","NCLN",0.333333333333333,1,3,"HALLMARK_PROTEIN_SECRETION"
"ENSG00000126016.17","AMOT",0,0,13,""
"ENSG00000126254.12","RBM42",0,0,2,""
"ENSG00000126351.13","THRA",0,0,1,""
"ENSG00000126391.14","FRMD8",0,0,1,""
"ENSG00000126653.18","NSRP1",0,0,2,""
"ENSG00000126777.18","KTN1",0,0,6,""
"ENSG00000126953.8","TIMM8A",0,0,1,""
"ENSG00000127022.16","CANX",0,0,9,""
"ENSG00000127481.15","UBR4",0.5,13,26,"ESC_V6.5_UP_LATE.V1_DN,ESC_J1_UP_EARLY.V1_UP,RAPA_EARLY_UP.V1_DN,GCNP_SHH_UP_LATE.V1_DN,CYCLIN_D1_UP.V1_UP,EIF4E_UP,CYCLIN_D1_KE_.V1_UP,SRC_UP.V1_UP,HALLMARK_P53_PATHWAY,HALLMARK_ADIPOGENESIS,HALLMARK_DNA_REPAIR,HALLMARK_OXIDATIVE_PHOSPHORYLATION,MTOR_UP.N4.V1_DN"
"ENSG00000127483.19","HP1BP3",0.103448275862069,6,58,"STK33_DN,JAK2_DN.V1_DN,MTOR_UP.N4.V1_UP,HALLMARK_ADIPOGENESIS,HALLMARK_REACTIVE_OXYGEN_SPECIES_PATHWAY,HALLMARK_OXIDATIVE_PHOSPHORYLATION"
"ENSG00000127947.16","PTPN12",0,0,41,""
"ENSG00000127980.16","PEX1",0,0,4,""
"ENSG00000127993.16","RBM48",1,1,1,"JAK2_DN.V1_DN"
"ENSG00000128534.8","LSM8",0,0,9,""
"ENSG00000128789.21","PSMG2",0,0,2,""
"ENSG00000128951.14","DUT",0,0,12,""
"ENSG00000129159.9","KCNC1",0,0,27,""
"ENSG00000129235.11","TXNDC17",0.333333333333333,1,3,"HALLMARK_DNA_REPAIR"
"ENSG00000129422.15","MTUS1",0,0,8,""
"ENSG00000129657.16","SEC14L1",0,0,2,""
"ENSG00000129680.16","MAP7D3",0,0,14,""
"ENSG00000129682.16","FGF13",0.214285714285714,3,14,"HALLMARK_UV_RESPONSE_UP,HALLMARK_DNA_REPAIR,CAMP_UP.V1_UP"
"ENSG00000130024.15","PHF10",0.333333333333333,3,9,"BCAT_BILD_ET_AL_DN,MTOR_UP.N4.V1_DN,ERBB2_UP.V1_DN"
"ENSG00000130305.17","NSUN5",0.230769230769231,3,13,"JAK2_DN.V1_DN,HALLMARK_PROTEIN_SECRETION,PID_ERBB1_DOWNSTREAM_PATHWAY"
"ENSG00000130340.17","SNX9",0,0,2,""
"ENSG00000130589.16","HELZ2",0,0,2,""
"ENSG00000130733.11","YIPF2",0,0,13,""
"ENSG00000130749.10","ZC3H4",0.25,2,8,"EIF4E_UP,SRC_UP.V1_UP"
"ENSG00000130770.18","ATP5IF1",0.52,13,25,"LTE2_UP.V1_UP,SIRNA_EIF4GI_UP,ESC_J1_UP_EARLY.V1_UP,JAK2_DN.V1_DN,MYC_UP.V1_UP,RB_DN.V1_DN,HALLMARK_CHOLESTEROL_HOMEOSTASIS,HALLMARK_PEROXISOME,HALLMARK_ADIPOGENESIS,HALLMARK_REACTIVE_OXYGEN_SPECIES_PATHWAY,HALLMARK_OXIDATIVE_PHOSPHORYLATION,HALLMARK_FATTY_ACID_METABOLISM,RB_P107_DN.V1_DN"
"ENSG00000130939.20","UBE4B",0.5,3,6,"EIF4E_UP,SRC_UP.V1_UP,HALLMARK_DNA_REPAIR"
"ENSG00000130985.17","UBA1",0.0666666666666667,1,15,"HALLMARK_PROTEIN_SECRETION"
"ENSG00000131238.18","PPT1",0,0,3,""
"ENSG00000131378.14","RFTN1",0,0,5,""
"ENSG00000131473.17","ACLY",0,0,6,""
"ENSG00000131504.18","DIAPH1",0,0,6,""
"ENSG00000131778.20","CHD1L",0,0,7,""
"ENSG00000131828.14","PDHA1",0.111111111111111,1,9,"HALLMARK_PROTEIN_SECRETION"
"ENSG00000132024.18","CC2D1A",0,0,2,""
"ENSG00000132305.22","IMMT",0,0,11,""
"ENSG00000132405.19","TBC1D14",0,0,2,""
"ENSG00000132423.12","COQ3",0.5,1,2,"PID_MET_PATHWAY"
"ENSG00000132680.11","KHDC4",1,1,1,"JAK2_DN.V1_DN"
"ENSG00000132749.11","TESMIN",0.333333333333333,4,12,"PID_P38_GAMMA_DELTA_PATHWAY,HALLMARK_PEROXISOME,HALLMARK_ADIPOGENESIS,HALLMARK_FATTY_ACID_METABOLISM"
"ENSG00000132842.14","AP3B1",0.3,3,10,"PID_ERBB1_INTERNALIZATION_PATHWAY,PGF_UP.V1_UP,PID_CDC42_PATHWAY"
"ENSG00000132879.14","FBXO44",0,0,1,""
"ENSG00000132952.12","USPL1",0.0769230769230769,1,13,"EIF4E_UP"
"ENSG00000132970.14","WASF3",0,0,11,""
"ENSG00000133028.12","SCO1",0.294117647058824,5,17,"SIRNA_EIF4GI_UP,HALLMARK_DNA_REPAIR,HALLMARK_OXIDATIVE_PHOSPHORYLATION,MTOR_UP.N4.V1_DN,HALLMARK_FATTY_ACID_METABOLISM"
"ENSG00000133030.22","MPRIP",0,0,5,""
"ENSG00000133313.15","CNDP2",0.25,2,8,"PID_CDC42_PATHWAY,PID_ECADHERIN_NASCENT_AJ_PATHWAY"
"ENSG00000133477.17","FAM83F",0,0,6,""
"ENSG00000133612.19","AGAP3",0,0,4,""
"ENSG00000133884.10","DPF2",0.2,1,5,"PGF_UP.V1_UP"
"ENSG00000133997.12","MED6",0.419354838709677,13,31,"ESC_V6.5_UP_LATE.V1_DN,JAK2_DN.V1_DN,EIF4E_UP,MTOR_UP.N4.V1_UP,HALLMARK_UV_RESPONSE_UP,SRC_UP.V1_UP,RB_P130_DN.V1_UP,BCAT_BILD_ET_AL_DN,HALLMARK_ADIPOGENESIS,HALLMARK_DNA_REPAIR,HALLMARK_OXIDATIVE_PHOSPHORYLATION,MTOR_UP.N4.V1_DN,CAMP_UP.V1_UP"
"ENSG00000134245.18","WNT2B",0.32,16,50,"PID_HEDGEHOG_2PATHWAY,BMI1_DN.V1_DN,NRL_DN.V1_DN,MEL18_DN.V1_DN,BMI1_DN_MEL18_DN.V1_DN,HALLMARK_APICAL_JUNCTION,PID_BMP_PATHWAY,SNF5_DN.V1_DN,CSR_LATE_UP.V1_DN,IL2_UP.V1_DN,MEK_UP.V1_UP,CRX_NRL_DN.V1_DN,PID_WNT_SIGNALING_PATHWAY,PID_TGFBR_PATHWAY,RAF_UP.V1_DN,PID_S1P_META_PATHWAY"
"ENSG00000134262.13","AP4B1",0,0,2,""
"ENSG00000134291.12","TMEM106C",0,0,1,""
"ENSG00000134313.17","KIDINS220",0,0,8,""
"ENSG00000134318.15","ROCK2",0.0714285714285714,7,98,"RAPA_EARLY_UP.V1_DN,HALLMARK_UV_RESPONSE_UP,SRC_UP.V1_UP,RB_P130_DN.V1_UP,PKCA_DN.V1_UP,HALLMARK_DNA_REPAIR,CAMP_UP.V1_UP"
"ENSG00000134504.14","KCTD1",0,0,2,""
"ENSG00000134644.16","PUM1",0,0,1,""
"ENSG00000134824.14","FADS2",0,0,1,""
"ENSG00000134954.14","ETS1",0,0,2,""
"ENSG00000135049.16","AGTPBP1",0.25,1,4,"SRC_UP.V1_UP"
"ENSG00000135111.16","TBX3",0.1,1,10,"PID_ERBB1_INTERNALIZATION_PATHWAY"
"ENSG00000135241.17","PNPLA8",0,0,1,""
"ENSG00000135535.17","CD164",0,0,2,""
"ENSG00000135596.18","MICAL1",0,0,1,""
"ENSG00000135624.17","CCT7",0.266666666666667,4,15,"PID_ERBB1_INTERNALIZATION_PATHWAY,PID_PI3KCI_AKT_PATHWAY,PID_CDC42_PATHWAY,PID_ECADHERIN_NASCENT_AJ_PATHWAY"
"ENSG00000135677.11","GNS",0,0,2,""
"ENSG00000135722.9","FBXL8",0.0735294117647059,5,68,"ESC_J1_UP_EARLY.V1_UP,IL2_UP.V1_UP,HALLMARK_PEROXISOME,HALLMARK_ADIPOGENESIS,HALLMARK_FATTY_ACID_METABOLISM"
"ENSG00000135744.9","AGT",0,0,1,""
"ENSG00000135801.10","TAF5L",0.0434782608695652,1,23,"ESC_V6.5_UP_EARLY.V1_UP"
"ENSG00000135916.16","ITM2C",0,0,1,""
"ENSG00000136167.15","LCP1",0,0,4,""
"ENSG00000136205.17","TNS3",0.1,1,10,"PID_ERBB1_INTERNALIZATION_PATHWAY"
"ENSG00000136237.19","RAPGEF5",0,0,1,""
"ENSG00000136270.14","TBRG4",1,1,1,"HALLMARK_PROTEIN_SECRETION"
"ENSG00000136279.21","DBNL",0,0,43,""
"ENSG00000136451.9","VEZF1",0.2,1,5,"HALLMARK_DNA_REPAIR"
"ENSG00000136490.9","LIMD2",0,0,4,""
"ENSG00000136504.13","KAT7",0,0,1,""
"ENSG00000136631.15","VPS45",0,0,7,""
"ENSG00000136758.20","YME1L1",0,0,6,""
"ENSG00000136830.12","NIBAN2",0.4,2,5,"EIF4E_UP,SRC_UP.V1_UP"
"ENSG00000136859.10","ANGPTL2",0,0,3,""
"ENSG00000136869.16","TLR4",0,0,5,""
"ENSG00000136997.21","MYC",0,0,1,""
"ENSG00000137055.15","PLAA",0,0,3,""
"ENSG00000137177.20","KIF13A",0,0,4,""
"ENSG00000137409.20","MTCH1",1,1,1,"HALLMARK_ANDROGEN_RESPONSE"
"ENSG00000137492.9","THAP12",0,0,6,""
"ENSG00000137496.18","IL18BP",0,0,6,""
"ENSG00000137692.12","DCUN1D5",0.2,1,5,"SRC_UP.V1_UP"
"ENSG00000137831.15","UACA",0,0,8,""
"ENSG00000137942.18","FNBP1L",0.0909090909090909,1,11,"RB_P130_DN.V1_UP"
"ENSG00000137996.13","RTCA",0,0,9,""
"ENSG00000138029.14","HADHB",0.5,3,6,"PID_ERBB1_INTERNALIZATION_PATHWAY,PID_CDC42_PATHWAY,PID_ECADHERIN_NASCENT_AJ_PATHWAY"
"ENSG00000138073.14","PREB",0,0,3,""
"ENSG00000138080.14","EMILIN1",0,0,8,""
"ENSG00000138185.20","ENTPD1",0,0,26,""
"ENSG00000138443.17","ABI2",0,0,2,""
"ENSG00000138496.17","PARP9",0,0,5,""
"ENSG00000138606.20","SHF",0,0,2,""
"ENSG00000138640.15","FAM13A",0.333333333333333,1,3,"PID_AR_PATHWAY"
"ENSG00000138642.16","HERC6",0,0,1,""
"ENSG00000138802.11","SEC24B",0.21875,7,32,"ESC_V6.5_UP_LATE.V1_DN,AKT_UP_MTOR_DN.V1_DN,RAPA_EARLY_UP.V1_DN,EIF4E_UP,PDGF_ERK_DN.V1_DN,HALLMARK_P53_PATHWAY,HALLMARK_DNA_REPAIR"
"ENSG00000139055.7","ERP27",0,0,3,""
"ENSG00000139112.11","GABARAPL1",0,0,1,""
"ENSG00000139116.19","KIF21A",0.1,1,10,"HALLMARK_DNA_REPAIR"
"ENSG00000139154.16","AEBP2",0,0,4,""
"ENSG00000139190.17","VAMP1",1,1,1,"JAK2_DN.V1_DN"
"ENSG00000139410.15","SDSL",0,0,16,""
"ENSG00000139436.22","GIT2",0,0,1,""
"ENSG00000139631.20","CSAD",0,0,16,""
"ENSG00000139718.12","SETD1B",0,0,22,""
"ENSG00000139725.8","RHOF",0.0113636363636364,1,88,"HALLMARK_ADIPOGENESIS"
"ENSG00000139746.16","RBM26",0,0,4,""
"ENSG00000139977.14","NAA30",0.1,1,10,"CAMP_UP.V1_UP"
"ENSG00000140598.15","EFL1",0,0,8,""
"ENSG00000140632.17","GLYR1",0.333333333333333,2,6,"PGF_UP.V1_UP,PID_CDC42_PATHWAY"
"ENSG00000140691.18","ARMC5",0,0,4,""
"ENSG00000140750.17","ARHGAP17",0,0,1,""
"ENSG00000140836.17","ZFHX3",0.724137931034483,21,29,"MTOR_UP.V1_DN,BCAT_BILD_ET_AL_UP,ESC_V6.5_UP_LATE.V1_DN,SIRNA_EIF4GI_UP,ESC_J1_UP_EARLY.V1_UP,AKT_UP_MTOR_DN.V1_DN,RAPA_EARLY_UP.V1_DN,GCNP_SHH_UP_LATE.V1_DN,CYCLIN_D1_UP.V1_UP,KRAS.50_UP.V1_DN,EIF4E_UP,CYCLIN_D1_KE_.V1_UP,HALLMARK_UV_RESPONSE_UP,PDGF_ERK_DN.V1_DN,CRX_DN.V1_UP,SRC_UP.V1_UP,RB_DN.V1_UP,RB_P130_DN.V1_UP,HALLMARK_P53_PATHWAY,HALLMARK_DNA_REPAIR,CAMP_UP.V1_UP"
"ENSG00000140988.16","RPS2",0,0,1,""
"ENSG00000141098.13","GFOD2",0.2,1,5,"EIF4E_UP"
"ENSG00000141279.17","NPEPPS",0,0,1,""
"ENSG00000141295.14","SCRN2",0,0,4,""
"ENSG00000141349.9","G6PC3",0.285714285714286,2,7,"PGF_UP.V1_UP,HALLMARK_PROTEIN_SECRETION"
"ENSG00000141446.11","ESCO1",0.153846153846154,2,13,"PID_ERBB1_INTERNALIZATION_PATHWAY,PGF_UP.V1_UP"
"ENSG00000141447.19","OSBPL1A",0,0,7,""
"ENSG00000141540.11","TTYH2",0.333333333333333,2,6,"STK33_NOMO_DN,STK33_DN"
"ENSG00000141627.14","DYM",0,0,1,""
"ENSG00000141639.12","MAPK4",0,0,1,""
"ENSG00000141756.19","FKBP10",0.0833333333333333,1,12,"HALLMARK_PROTEIN_SECRETION"
"ENSG00000141759.15","TXNL4A",1,1,1,"EIF4E_UP"
"ENSG00000141985.9","SH3GL1",0,0,11,""
"ENSG00000142453.12","CARM1",0.2,1,5,"PGF_UP.V1_UP"
"ENSG00000142459.9","EVI5L",0,0,16,""
"ENSG00000142599.19","RERE",1,2,2,"EIF4E_UP,HALLMARK_ADIPOGENESIS"
"ENSG00000142910.16","TINAGL1",0,0,2,""
"ENSG00000142949.17","PTPRF",0.0833333333333333,1,12,"EIF4E_UP"
"ENSG00000143093.15","STRIP1",0,0,1,""
"ENSG00000143324.14","XPR1",0,0,3,""
"ENSG00000143363.17","PRUNE1",0,0,1,""
"ENSG00000143373.18","ZNF687",0,0,1,""
"ENSG00000143416.21","SELENBP1",0,0,2,""
"ENSG00000143418.20","CERS2",0,0,6,""
"ENSG00000143450.19","OAZ3",0.218181818181818,12,55,"LTE2_UP.V1_UP,BCAT_BILD_ET_AL_UP,SIRNA_EIF4GI_UP,GCNP_SHH_UP_LATE.V1_DN,HALLMARK_CHOLESTEROL_HOMEOSTASIS,PID_CERAMIDE_PATHWAY,PID_ERBB_NETWORK_PATHWAY,HALLMARK_ADIPOGENESIS,PID_PS1_PATHWAY,HALLMARK_REACTIVE_OXYGEN_SPECIES_PATHWAY,HALLMARK_FATTY_ACID_METABOLISM,RB_P107_DN.V1_DN"
"ENSG00000143622.11","RIT1",0.148148148148148,4,27,"RAPA_EARLY_UP.V1_DN,EIF4E_UP,PDGF_ERK_DN.V1_DN,SRC_UP.V1_UP"
"ENSG00000143643.13","TTC13",0,0,2,""
"ENSG00000143776.20","CDC42BPA",0,0,7,""
"ENSG00000143970.18","ASXL2",0,0,2,""
"ENSG00000144231.11","POLR2D",0,0,2,""
"ENSG00000144559.11","TAMM41",0.1875,9,48,"SIRNA_EIF4GI_UP,EIF4E_UP,MTOR_UP.N4.V1_UP,HALLMARK_UV_RESPONSE_UP,HALLMARK_GLYCOLYSIS,RB_P130_DN.V1_UP,HALLMARK_DNA_REPAIR,HALLMARK_OXIDATIVE_PHOSPHORYLATION,CAMP_UP.V1_UP"
"ENSG00000144645.15","OSBPL10",0.137254901960784,7,51,"STK33_NOMO_DN,STK33_DN,CYCLIN_D1_UP.V1_DN,JAK2_DN.V1_DN,MTOR_UP.N4.V1_UP,HALLMARK_UV_RESPONSE_UP,CAMP_UP.V1_UP"
"ENSG00000144711.16","IQSEC1",0,0,5,""
"ENSG00000144791.10","LIMD1",0.210526315789474,8,38,"SIRNA_EIF4GI_UP,ESC_J1_UP_EARLY.V1_UP,AKT_UP_MTOR_DN.V1_DN,GCNP_SHH_UP_LATE.V1_DN,HALLMARK_MITOTIC_SPINDLE,EIF4E_UP,PDGF_ERK_DN.V1_DN,HALLMARK_P53_PATHWAY"
"ENSG00000145041.16","DCAF1",0.1,1,10,"PID_ERBB1_INTERNALIZATION_PATHWAY"
"ENSG00000145901.16","TNIP1",0,0,1,""
"ENSG00000145919.11","BOD1",0,0,6,""
"ENSG00000146267.12","FAXC",0.8,4,5,"EIF4E_UP,HALLMARK_UV_RESPONSE_UP,SRC_UP.V1_UP,RB_P130_DN.V1_UP"
"ENSG00000146416.19","AIG1",1,1,1,"JAK2_DN.V1_DN"
"ENSG00000146463.12","ZMYM4",0.473684210526316,9,19,"GCNP_SHH_UP_LATE.V1_DN,EIF4E_UP,CYCLIN_D1_KE_.V1_UP,PGF_UP.V1_UP,SRC_UP.V1_UP,BCAT_BILD_ET_AL_DN,HALLMARK_DNA_REPAIR,HALLMARK_OXIDATIVE_PHOSPHORYLATION,MTOR_UP.N4.V1_DN"
"ENSG00000146674.16","IGFBP3",0,0,25,""
"ENSG00000146833.16","TRIM4",0,0,92,""
"ENSG00000146950.13","SHROOM2",0,0,1,""
"ENSG00000147010.18","SH3KBP1",0,0,1,""
"ENSG00000147202.19","DIAPH2",0,0,28,""
"ENSG00000147364.17","FBXO25",0.111111111111111,1,9,"MTOR_UP.N4.V1_DN"
"ENSG00000147394.19","ZNF185",0,0,9,""
"ENSG00000147403.18","RPL10",0,0,2,""
"ENSG00000147853.17","AK3",0.5,1,2,"PID_ECADHERIN_NASCENT_AJ_PATHWAY"
"ENSG00000147862.18","NFIB",0.285714285714286,2,7,"EIF4E_UP,SRC_UP.V1_UP"
"ENSG00000148219.18","ASTN2",0,0,1,""
"ENSG00000148384.14","INPP5E",0,0,1,""
"ENSG00000148773.14","MKI67",0.291666666666667,7,24,"BCAT_BILD_ET_AL_UP,RAPA_EARLY_UP.V1_DN,EIF4E_UP,PDGF_ERK_DN.V1_DN,SRC_UP.V1_UP,RB_P130_DN.V1_UP,HALLMARK_P53_PATHWAY"
"ENSG00000148840.11","PPRC1",0.0909090909090909,1,11,"EIF4E_UP"
"ENSG00000148842.18","CNNM2",0,0,3,""
"ENSG00000149182.15","ARFGAP2",0.416666666666667,5,12,"TBK1.DF_DN,PGF_UP.V1_UP,HALLMARK_PROTEIN_SECRETION,PID_MET_PATHWAY,ERBB2_UP.V1_DN"
"ENSG00000149187.19","CELF1",0,0,1,""
"ENSG00000149196.17","HIKESHI",0,0,2,""
"ENSG00000149262.17","INTS4",0.363636363636364,4,11,"PGF_UP.V1_UP,HALLMARK_PROTEIN_SECRETION,PID_CDC42_PATHWAY,PID_ECADHERIN_NASCENT_AJ_PATHWAY"
"ENSG00000149289.11","ZC3H12C",0.037037037037037,3,81,"HALLMARK_UV_RESPONSE_UP,RB_P130_DN.V1_UP,HALLMARK_DNA_REPAIR"
"ENSG00000149781.13","FERMT3",0,0,5,""
"ENSG00000149782.13","PLCB3",0,0,6,""
"ENSG00000150093.20","ITGB1",1,1,1,"BCAT_BILD_ET_AL_DN"
"ENSG00000150281.7","CTF1",0.0526315789473684,1,19,"HALLMARK_APICAL_JUNCTION"
"ENSG00000150779.12","TIMM8B",0,0,62,""
"ENSG00000151131.11","NOPCHAP1",0.4,16,40,"JAK2_DN.V1_DN,GCNP_SHH_UP_LATE.V1_DN,EIF4E_UP,MTOR_UP.N4.V1_UP,HALLMARK_UV_RESPONSE_UP,HALLMARK_CHOLESTEROL_HOMEOSTASIS,SRC_UP.V1_UP,HALLMARK_P53_PATHWAY,HALLMARK_ADIPOGENESIS,HALLMARK_DNA_REPAIR,HALLMARK_REACTIVE_OXYGEN_SPECIES_PATHWAY,HALLMARK_OXIDATIVE_PHOSPHORYLATION,HALLMARK_FATTY_ACID_METABOLISM,HALLMARK_UNFOLDED_PROTEIN_RESPONSE,CAMP_UP.V1_UP,RB_P107_DN.V1_DN"
"ENSG00000151498.12","ACAD8",0,0,2,""
"ENSG00000151726.15","ACSL1",0,0,6,""
"ENSG00000151779.13","NBAS",0.394736842105263,15,38,"BCAT_BILD_ET_AL_UP,ESC_V6.5_UP_LATE.V1_DN,ESC_J1_UP_EARLY.V1_UP,AKT_UP_MTOR_DN.V1_DN,RAPA_EARLY_UP.V1_DN,GCNP_SHH_UP_LATE.V1_DN,CYCLIN_D1_UP.V1_UP,EIF4E_UP,CYCLIN_D1_KE_.V1_UP,PDGF_ERK_DN.V1_DN,CRX_DN.V1_UP,SRC_UP.V1_UP,HALLMARK_P53_PATHWAY,HALLMARK_ADIPOGENESIS,HALLMARK_DNA_REPAIR"
"ENSG00000152147.11","GEMIN6",0,0,1,""
"ENSG00000152223.15","EPG5",0,0,2,""
"ENSG00000152234.16","ATP5F1A",0.5,2,4,"TBK1.DF_DN,PID_ERBB1_INTERNALIZATION_PATHWAY"
"ENSG00000152332.16","UHMK1",1,1,1,"EIF4E_UP"
"ENSG00000152439.13","ZNF773",0,0,42,""
"ENSG00000152492.15","CCDC50",0.222222222222222,2,9,"PID_LPA4_PATHWAY,HALLMARK_MYC_TARGETS_V2"
"ENSG00000152601.18","MBNL1",0,0,1,""
"ENSG00000152767.17","FARP1",0,0,56,""
"ENSG00000152942.19","RAD17",0,0,1,""
"ENSG00000153214.11","TMEM87B",0,0,1,""
"ENSG00000153896.19","ZNF599",0,0,3,""
"ENSG00000154370.16","TRIM11",0.145038167938931,19,131,"ESC_V6.5_UP_LATE.V1_DN,SIRNA_EIF4GI_UP,ESC_J1_UP_EARLY.V1_UP,JAK2_DN.V1_DN,AKT_UP_MTOR_DN.V1_DN,RAPA_EARLY_UP.V1_DN,EIF4E_UP,MTOR_UP.N4.V1_UP,HALLMARK_UV_RESPONSE_UP,MYC_UP.V1_UP,IL2_UP.V1_UP,HALLMARK_P53_PATHWAY,HALLMARK_PEROXISOME,HALLMARK_ADIPOGENESIS,HALLMARK_DNA_REPAIR,HALLMARK_REACTIVE_OXYGEN_SPECIES_PATHWAY,HALLMARK_OXIDATIVE_PHOSPHORYLATION,P53_DN.V2_UP,HALLMARK_FATTY_ACID_METABOLISM"
"ENSG00000154914.17","USP43",0,0,1,""
"ENSG00000155111.15","CDK19",0,0,2,""
"ENSG00000155256.18","ZFYVE27",0,0,17,""
"ENSG00000155287.11","SLC25A28",0,0,2,""
"ENSG00000155367.16","PPM1J",0,0,1,""
"ENSG00000155530.3","LRGUK",1,1,1,"EIF4E_UP"
"ENSG00000155636.15","RBM45",0,0,2,""
"ENSG00000156374.16","PCGF6",0,0,1,""
"ENSG00000156453.14","PCDH1",0,0,6,""
"ENSG00000156469.9","MTERF3",0.571428571428571,8,14,"PID_ERBB1_INTERNALIZATION_PATHWAY,PID_NFAT_3PATHWAY,HALLMARK_PROTEIN_SECRETION,PID_MET_PATHWAY,PID_MAPK_TRK_PATHWAY,PID_PI3KCI_AKT_PATHWAY,PID_ERBB1_DOWNSTREAM_PATHWAY,PID_ECADHERIN_NASCENT_AJ_PATHWAY"
"ENSG00000156709.15","AIFM1",0,0,2,""
"ENSG00000156860.16","FBRS",1,1,1,"EIF4E_UP"
"ENSG00000156869.14","FRRS1",0,0,41,""
"ENSG00000156931.16","VPS8",0,0,10,""
"ENSG00000157456.8","CCNB2",0.416666666666667,5,12,"JAK2_DN.V1_DN,PID_MYC_ACTIV_PATHWAY,HALLMARK_MYC_TARGETS_V1,HALLMARK_UNFOLDED_PROTEIN_RESPONSE,HALLMARK_MTORC1_SIGNALING"
"ENSG00000157514.18","TSC22D3",0,0,2,""
"ENSG00000157593.19","SLC35B2",0.142857142857143,1,7,"PID_ECADHERIN_NASCENT_AJ_PATHWAY"
"ENSG00000157617.17","C2CD2",0,0,1,""
"ENSG00000157827.20","FMNL2",0.307692307692308,4,13,"EIF4E_UP,SRC_UP.V1_UP,HALLMARK_DNA_REPAIR,HALLMARK_OXIDATIVE_PHOSPHORYLATION"
"ENSG00000158109.15","TPRG1L",0.153846153846154,2,13,"PGF_UP.V1_UP,PID_CDC42_PATHWAY"
"ENSG00000158201.10","ABHD3",0,0,3,""
"ENSG00000158290.19","CUL4B",0,0,4,""
"ENSG00000158691.15","ZSCAN12",0,0,5,""
"ENSG00000158717.11","RNF166",0,0,1,""
"ENSG00000159082.18","SYNJ1",0,0,8,""
"ENSG00000159352.16","PSMD4",0.25,1,4,"PID_MET_PATHWAY"
"ENSG00000159423.17","ALDH4A1",0,0,1,""
"ENSG00000159461.15","AMFR",0.25,2,8,"EIF4E_UP,HALLMARK_DNA_REPAIR"
"ENSG00000160229.13","ZNF66",0,0,2,""
"ENSG00000160325.15","CACFD1",0,0,24,""
"ENSG00000160741.17","CRTC2",0.333333333333333,4,12,"PID_ERBB1_INTERNALIZATION_PATHWAY,PGF_UP.V1_UP,HALLMARK_PROTEIN_SECRETION,PID_CDC42_PATHWAY"
"ENSG00000160917.15","CPSF4",0,0,2,""
"ENSG00000161010.16","MRNIP",1,1,1,"JAK2_DN.V1_DN"
"ENSG00000161011.20","SQSTM1",0.272727272727273,3,11,"TBK1.DF_DN,HALLMARK_PROTEIN_SECRETION,PID_ERBB1_DOWNSTREAM_PATHWAY"
"ENSG00000161013.17","MGAT4B",0,0,3,""
"ENSG00000161395.14","PGAP3",0.25,1,4,"PGF_UP.V1_UP"
"ENSG00000161558.11","TMEM143",0,0,1,""
"ENSG00000161921.17","CXCL16",0,0,3,""
"ENSG00000162069.16","BICDL2",0,0,11,""
"ENSG00000162194.13","LBHD1",0.344827586206897,10,29,"SIRNA_EIF4GI_UP,JAK2_DN.V1_DN,EIF4E_UP,HALLMARK_UV_RESPONSE_UP,SRC_UP.V1_UP,RB_P130_DN.V1_UP,HALLMARK_ADIPOGENESIS,HALLMARK_DNA_REPAIR,HALLMARK_OXIDATIVE_PHOSPHORYLATION,HALLMARK_FATTY_ACID_METABOLISM"
"ENSG00000162298.19","SYVN1",0,0,6,""
"ENSG00000162390.18","ACOT11",0,0,10,""
"ENSG00000162413.17","KLHL21",0.264705882352941,9,34,"BMI1_DN.V1_DN,CYCLIN_D1_UP.V1_DN,BCAT_BILD_ET_AL_UP,ESC_V6.5_UP_LATE.V1_DN,SIRNA_EIF4GI_UP,JAK2_DN.V1_DN,EIF4E_UP,MTOR_UP.N4.V1_UP,HALLMARK_ADIPOGENESIS"
"ENSG00000162604.12","TM2D1",0.285714285714286,6,21,"STK33_NOMO_DN,STK33_DN,SIRNA_EIF4GI_UP,JAK2_DN.V1_DN,MTOR_UP.N4.V1_UP,TBK1.DN.48HRS_DN"
"ENSG00000162777.17","DENND2D",0,0,15,""
"ENSG00000162819.12","BROX",0,0,1,""
"ENSG00000163026.12","WDCP",0,0,1,""
"ENSG00000163072.16","NOSTRIN",0,0,1,""
"ENSG00000163125.16","RPRD2",0.142857142857143,1,7,"SRC_UP.V1_UP"
"ENSG00000163141.20","BNIPL",0.333333333333333,4,12,"HALLMARK_ESTROGEN_RESPONSE_LATE,ERBB2_UP.V1_UP,HALLMARK_ESTROGEN_RESPONSE_EARLY,PID_ERBB_NETWORK_PATHWAY"
"ENSG00000163214.21","DHX57",0.166666666666667,1,6,"PGF_UP.V1_UP"
"ENSG00000163281.12","GNPDA2",0,0,1,""
"ENSG00000163346.17","PBXIP1",0.0833333333333333,1,12,"PID_PI3KCI_AKT_PATHWAY"
"ENSG00000163349.22","HIPK1",0.25,2,8,"EIF4E_UP,SRC_UP.V1_UP"
"ENSG00000163378.14","EOGT",0,0,2,""
"ENSG00000163399.16","ATP1A1",0,0,1,""
"ENSG00000163468.15","CCT3",0.4,4,10,"TBK1.DF_DN,PID_ERBB1_INTERNALIZATION_PATHWAY,PGF_UP.V1_UP,PID_CDC42_PATHWAY"
"ENSG00000163510.14","CWC22",0.32258064516129,10,31,"ESC_V6.5_UP_LATE.V1_DN,RAPA_EARLY_UP.V1_DN,EIF4E_UP,CYCLIN_D1_KE_.V1_UP,PDGF_ERK_DN.V1_DN,IL15_UP.V1_UP,SRC_UP.V1_UP,RB_P130_DN.V1_UP,HALLMARK_P53_PATHWAY,HALLMARK_DNA_REPAIR"
"ENSG00000163629.13","PTPN13",0,0,3,""
"ENSG00000163694.15","RBM47",0,0,1,""
"ENSG00000163697.17","APBB2",0,0,2,""
"ENSG00000163704.12","PRRT3",0,0,24,""
"ENSG00000163714.18","U2SURP",0,0,2,""
"ENSG00000163728.11","TTC14",1,1,1,"JAK2_DN.V1_DN"
"ENSG00000163754.18","GYG1",0.142857142857143,1,7,"PID_LYSOPHOSPHOLIPID_PATHWAY"
"ENSG00000163795.14","ZNF513",0.175438596491228,10,57,"STK33_DN,LTE2_UP.V1_UP,SIRNA_EIF4GI_UP,HALLMARK_ESTROGEN_RESPONSE_EARLY,PID_CERAMIDE_PATHWAY,HALLMARK_PI3K_AKT_MTOR_SIGNALING,HALLMARK_PEROXISOME,HALLMARK_ADIPOGENESIS,HALLMARK_REACTIVE_OXYGEN_SPECIES_PATHWAY,HALLMARK_FATTY_ACID_METABOLISM"
"ENSG00000163812.15","ZDHHC3",0.5625,9,16,"SIRNA_EIF4GI_UP,JAK2_DN.V1_DN,MTOR_UP.N4.V1_UP,MYC_UP.V1_UP,HALLMARK_ADIPOGENESIS,HALLMARK_OXIDATIVE_PHOSPHORYLATION,HALLMARK_FATTY_ACID_METABOLISM,HALLMARK_UNFOLDED_PROTEIN_RESPONSE,HALLMARK_MTORC1_SIGNALING"
"ENSG00000163820.16","FYCO1",0.285714285714286,2,7,"EIF4E_UP,MTOR_UP.N4.V1_DN"
"ENSG00000163864.17","NMNAT3",0,0,3,""
"ENSG00000163882.10","POLR2H",0,0,2,""
"ENSG00000163930.10","BAP1",0.125,1,8,"PGF_UP.V1_UP"
"ENSG00000163933.10","RFT1",0.451612903225806,14,31,"GCNP_SHH_UP_LATE.V1_DN,EIF4E_UP,HALLMARK_GLYCOLYSIS,AKT_UP.V1_UP,SRC_UP.V1_UP,HALLMARK_P53_PATHWAY,HALLMARK_ADIPOGENESIS,HALLMARK_DNA_REPAIR,HALLMARK_REACTIVE_OXYGEN_SPECIES_PATHWAY,HALLMARK_OXIDATIVE_PHOSPHORYLATION,HALLMARK_FATTY_ACID_METABOLISM,HALLMARK_UNFOLDED_PROTEIN_RESPONSE,CAMP_UP.V1_UP,RB_P107_DN.V1_DN"
"ENSG00000164068.16","RNF123",0,0,1,""
"ENSG00000164241.14","C5orf63",0,0,1,""
"ENSG00000164244.21","PRRC1",0.555555555555556,5,9,"TBK1.DF_DN,PID_ERBB1_INTERNALIZATION_PATHWAY,PGF_UP.V1_UP,PID_CDC42_PATHWAY,ERBB2_UP.V1_DN"
"ENSG00000164414.19","SLC35A1",0,0,3,""
"ENSG00000164603.12","BMT2",0,0,64,""
"ENSG00000164932.13","CTHRC1",0,0,1,""
"ENSG00000164941.14","INTS8",1,1,1,"HALLMARK_MITOTIC_SPINDLE"
"ENSG00000164961.16","WASHC5",0.8,4,5,"ESC_V6.5_UP_LATE.V1_DN,GCNP_SHH_UP_LATE.V1_DN,EIF4E_UP,SRC_UP.V1_UP"
"ENSG00000165060.15","FXN",0,0,7,""
"ENSG00000165118.15","C9orf64",0.166666666666667,1,6,"PID_PI3KCI_AKT_PATHWAY"
"ENSG00000165140.12","FBP1",0,0,5,""
"ENSG00000165240.22","ATP7A",0,0,1,""
"ENSG00000165271.17","NOL6",0,0,6,""
"ENSG00000165338.17","HECTD2",0,0,1,""
"ENSG00000165416.15","SUGT1",0.27027027027027,10,37,"MTOR_UP.N4.V1_UP,HALLMARK_MYC_TARGETS_V2,HALLMARK_ADIPOGENESIS,HALLMARK_DNA_REPAIR,HALLMARK_REACTIVE_OXYGEN_SPECIES_PATHWAY,HALLMARK_OXIDATIVE_PHOSPHORYLATION,MTOR_UP.N4.V1_DN,HALLMARK_MYC_TARGETS_V1,HALLMARK_UNFOLDED_PROTEIN_RESPONSE,CAMP_UP.V1_UP"
"ENSG00000165516.11","KLHDC2",0,0,15,""
"ENSG00000165629.20","ATP5F1C",0,0,4,""
"ENSG00000165821.12","SALL2",0,0,9,""
"ENSG00000165861.14","ZFYVE1",0,0,1,""
"ENSG00000166004.15","CEP295",0.3125,5,16,"GCNP_SHH_UP_LATE.V1_DN,EIF4E_UP,SRC_UP.V1_UP,HALLMARK_DNA_REPAIR,HALLMARK_OXIDATIVE_PHOSPHORYLATION"
"ENSG00000166024.14","R3HCC1L",0,0,2,""
"ENSG00000166025.18","AMOTL1",0.1,1,10,"EIF4E_UP"
"ENSG00000166164.16","BRD7",0,0,1,""
"ENSG00000166166.13","TRMT61A",0,0,25,""
"ENSG00000166199.13","ALKBH3",0.166666666666667,1,6,"HALLMARK_PROTEIN_SECRETION"
"ENSG00000166311.10","SMPD1",0.25,3,12,"PID_ERBB1_INTERNALIZATION_PATHWAY,PGF_UP.V1_UP,HALLMARK_PROTEIN_SECRETION"
"ENSG00000166337.11","TAF10",1,1,1,"JAK2_DN.V1_DN"
"ENSG00000166526.18","ZNF3",0,0,2,""
"ENSG00000166575.17","TMEM135",0.407407407407407,11,27,"EIF4E_UP,MTOR_UP.N4.V1_UP,PID_CERAMIDE_PATHWAY,HALLMARK_PEROXISOME,HALLMARK_ADIPOGENESIS,HALLMARK_DNA_REPAIR,HALLMARK_REACTIVE_OXYGEN_SPECIES_PATHWAY,HALLMARK_OXIDATIVE_PHOSPHORYLATION,HALLMARK_FATTY_ACID_METABOLISM,HALLMARK_UNFOLDED_PROTEIN_RESPONSE,CAMP_UP.V1_UP"
"ENSG00000166676.17","TVP23A",0,0,31,""
"ENSG00000166689.16","PLEKHA7",0,0,1,""
"ENSG00000166704.13","ZNF606",0,0,2,""
"ENSG00000166881.10","NEMP1",0,0,2,""
"ENSG00000166900.17","STX3",0.307692307692308,4,13,"HALLMARK_ESTROGEN_RESPONSE_LATE,SIRNA_EIF4GI_UP,JAK2_DN.V1_DN,HALLMARK_UV_RESPONSE_UP"
"ENSG00000166925.9","TSC22D4",0,0,4,""
"ENSG00000166949.17","SMAD3",0,0,2,""
"ENSG00000167114.13","SLC27A4",0.285714285714286,6,21,"EIF4E_UP,PID_REELIN_PATHWAY,PID_ERBB1_INTERNALIZATION_PATHWAY,PGF_UP.V1_UP,SRC_UP.V1_UP,HALLMARK_PROTEIN_SECRETION"
"ENSG00000167118.11","URM1",0.116666666666667,7,60,"SIRNA_EIF4GI_UP,JAK2_DN.V1_DN,EIF4E_UP,HALLMARK_CHOLESTEROL_HOMEOSTASIS,HALLMARK_ADIPOGENESIS,HALLMARK_OXIDATIVE_PHOSPHORYLATION,HALLMARK_FATTY_ACID_METABOLISM"
"ENSG00000167193.8","CRK",0,0,2,""
"ENSG00000167258.15","CDK12",0.36,9,25,"ESC_V6.5_UP_LATE.V1_DN,EIF4E_UP,MYC_UP.V1_UP,SRC_UP.V1_UP,HALLMARK_P53_PATHWAY,HALLMARK_ADIPOGENESIS,HALLMARK_DNA_REPAIR,HALLMARK_REACTIVE_OXYGEN_SPECIES_PATHWAY,HALLMARK_OXIDATIVE_PHOSPHORYLATION"
"ENSG00000167306.20","MYO5B",0,0,2,""
"ENSG00000167380.17","ZNF226",0.9,9,10,"SIRNA_EIF4GI_UP,JAK2_DN.V1_DN,EIF4E_UP,MTOR_UP.N4.V1_UP,HALLMARK_PEROXISOME,HALLMARK_ADIPOGENESIS,HALLMARK_OXIDATIVE_PHOSPHORYLATION,HALLMARK_FATTY_ACID_METABOLISM,RB_P107_DN.V1_DN"
"ENSG00000167395.10","ZNF646",0,0,108,""
"ENSG00000167461.12","RAB8A",0,0,3,""
"ENSG00000167526.14","RPL13",0,0,12,""
"ENSG00000167548.18","KMT2D",0,0,3,""
"ENSG00000167566.17","NCKAP5L",0.333333333333333,1,3,"HALLMARK_PROTEIN_SECRETION"
"ENSG00000167632.18","TRAPPC9",0,0,1,""
"ENSG00000167641.11","PPP1R14A",0,0,58,""
"ENSG00000167716.19","WDR81",0,0,4,""
"ENSG00000167775.11","CD320",0.125,1,8,"PID_PI3KCI_AKT_PATHWAY"
"ENSG00000167964.13","RAB26",0,0,3,""
"ENSG00000167969.13","ECI1",0.166666666666667,7,42,"SIRNA_EIF4GI_UP,JAK2_DN.V1_DN,EIF4E_UP,MTOR_UP.N4.V1_UP,HALLMARK_UV_RESPONSE_UP,HALLMARK_ADIPOGENESIS,HALLMARK_OXIDATIVE_PHOSPHORYLATION"
"ENSG00000167972.14","ABCA3",0.444444444444444,4,9,"PGF_UP.V1_UP,PID_CDC42_PATHWAY,PID_SMAD2_3PATHWAY,PID_ECADHERIN_NASCENT_AJ_PATHWAY"
"ENSG00000167985.7","SDHAF2",0,0,3,""
"ENSG00000168028.14","RPSA",0,0,5,""
"ENSG00000168067.12","MAP4K2",0,0,2,""
"ENSG00000168209.6","DDIT4",0,0,4,""
"ENSG00000168234.13","TTC39C",0,0,4,""
"ENSG00000168291.13","PDHB",0,0,3,""
"ENSG00000168300.14","PCMTD1",0.2,2,10,"PGF_UP.V1_UP,HALLMARK_PROTEIN_SECRETION"
"ENSG00000168386.19","FILIP1L",0,0,26,""
"ENSG00000168394.12","TAP1",0.111111111111111,1,9,"HALLMARK_DNA_REPAIR"
"ENSG00000168395.16","ING5",0,0,1,""
"ENSG00000168743.13","NPNT",0,0,7,""
"ENSG00000168802.14","CHTF8",0,0,23,""
"ENSG00000168876.9","ANKRD49",0,0,1,""
"ENSG00000168918.14","INPP5D",0,0,1,""
"ENSG00000168994.14","PXDC1",0,0,5,""
"ENSG00000169116.11","PARM1",0,0,2,""
"ENSG00000169180.12","XPO6",0.6,3,5,"EIF4E_UP,SRC_UP.V1_UP,BCAT_BILD_ET_AL_DN"
"ENSG00000169246.16","NPIPB3",0,0,29,""
"ENSG00000169764.16","UGP2",0,0,3,""
"ENSG00000169905.13","TOR1AIP2",0,0,6,""
"ENSG00000169919.17","GUSB",0,0,1,""
"ENSG00000169951.10","ZNF764",0,0,3,""
"ENSG00000169957.10","ZNF768",0.0256410256410256,1,39,"PDGF_ERK_DN.V1_DN"
"ENSG00000170088.14","TMEM192",0,0,1,""
"ENSG00000170266.16","GLB1",0,0,8,""
"ENSG00000170633.17","RNF34",0,0,8,""
"ENSG00000170776.22","AKAP13",1,2,2,"EIF4E_UP,SRC_UP.V1_UP"
"ENSG00000171385.10","KCND3",0,0,1,""
"ENSG00000171634.19","BPTF",0.111111111111111,1,9,"EIF4E_UP"
"ENSG00000171843.17","MLLT3",0,0,3,""
"ENSG00000172171.11","TEFM",0.222222222222222,2,9,"MTOR_UP.N4.V1_UP,HALLMARK_FATTY_ACID_METABOLISM"
"ENSG00000172315.6","TP53RK",0,0,6,""
"ENSG00000172340.15","SUCLG2",0,0,3,""
"ENSG00000172534.14","HCFC1",0,0,10,""
"ENSG00000172765.18","TMCC1",0,0,4,""
"ENSG00000172819.17","RARG",0,0,1,""
"ENSG00000172831.14","CES2",0,0,5,""
"ENSG00000172888.12","ZNF621",0.2,3,15,"EIF4E_UP,PID_ERBB1_INTERNALIZATION_PATHWAY,PID_CDC42_PATHWAY"
"ENSG00000172890.13","NADSYN1",0,0,5,""
"ENSG00000172893.18","DHCR7",0.285714285714286,2,7,"PGF_UP.V1_UP,HALLMARK_PROTEIN_SECRETION"
"ENSG00000172936.16","MYD88",0,0,8,""
"ENSG00000173039.20","RELA",0.0222222222222222,1,45,"JAK2_DN.V1_DN"
"ENSG00000173327.8","MAP3K11",0.5,4,8,"PID_ERBB1_INTERNALIZATION_PATHWAY,HALLMARK_PROTEIN_SECRETION,PID_CDC42_PATHWAY,PID_ECADHERIN_NASCENT_AJ_PATHWAY"
"ENSG00000173409.14","ARV1",0.5,1,2,"BCAT_BILD_ET_AL_DN"
"ENSG00000173457.11","PPP1R14B",0,0,20,""
"ENSG00000173482.17","PTPRM",0,0,2,""
"ENSG00000173531.16","MST1",0,0,1,""
"ENSG00000173548.9","SNX33",0.325,13,40,"JAK2_DN.V1_DN,EIF4E_UP,MTOR_UP.N4.V1_UP,MYC_UP.V1_UP,SRC_UP.V1_UP,HALLMARK_PEROXISOME,HALLMARK_ADIPOGENESIS,HALLMARK_DNA_REPAIR,HALLMARK_REACTIVE_OXYGEN_SPECIES_PATHWAY,HALLMARK_OXIDATIVE_PHOSPHORYLATION,MTOR_UP.N4.V1_DN,HALLMARK_FATTY_ACID_METABOLISM,CAMP_UP.V1_UP"
"ENSG00000173875.14","ZNF791",0,0,2,""
"ENSG00000173905.9","GOLIM4",0,0,60,""
"ENSG00000173928.4","SWSAP1",1,1,1,"EIF4E_UP"
"ENSG00000174428.19","GTF2IRD2B",0,0,1,""
"ENSG00000174485.16","DENND4A",0.25,1,4,"EIF4E_UP"
"ENSG00000174516.15","PELI3",0,0,4,""
"ENSG00000174579.4","MSL2",0.1375,11,80,"AKT_UP.V1_DN,ESC_J1_UP_EARLY.V1_DN,BCAT_BILD_ET_AL_UP,SIRNA_EIF4GI_UP,ESC_J1_UP_EARLY.V1_UP,AKT_UP_MTOR_DN.V1_DN,GCNP_SHH_UP_LATE.V1_DN,EIF4E_UP,PDGF_ERK_DN.V1_DN,HALLMARK_P53_PATHWAY,HALLMARK_ADIPOGENESIS"
"ENSG00000174840.9","PDE12",0,0,3,""
"ENSG00000174943.11","KCTD13",0.166666666666667,5,30,"JAK2_DN.V1_DN,RAPA_EARLY_UP.V1_DN,EIF4E_UP,HALLMARK_PEROXISOME,HALLMARK_ADIPOGENESIS"
"ENSG00000174996.12","KLC2",0.2,1,5,"HALLMARK_PROTEIN_SECRETION"
"ENSG00000175106.17","TVP23C",0,0,3,""
"ENSG00000175166.17","PSMD2",0.5,5,10,"PID_ERBB1_INTERNALIZATION_PATHWAY,PGF_UP.V1_UP,HALLMARK_PROTEIN_SECRETION,PID_CDC42_PATHWAY,PID_ECADHERIN_NASCENT_AJ_PATHWAY"
"ENSG00000175193.14","PARL",0,0,4,""
"ENSG00000175582.20","RAB6A",0,0,12,""
"ENSG00000175662.18","TOM1L2",0.4,4,10,"PID_ERBB1_INTERNALIZATION_PATHWAY,PGF_UP.V1_UP,HALLMARK_PROTEIN_SECRETION,PID_CDC42_PATHWAY"
"ENSG00000176014.13","TUBB6",0.1875,9,48,"ATF2_UP.V1_DN,PID_S1P_S1P1_PATHWAY,PID_AVB3_OPN_PATHWAY,PID_S1P_S1P3_PATHWAY,PID_FGF_PATHWAY,HALLMARK_UV_RESPONSE_DN,PID_ANGIOPOIETIN_RECEPTOR_PATHWAY,PID_VEGFR1_2_PATHWAY,CAMP_UP.V1_DN"
"ENSG00000176018.13","LYSMD3",0,0,3,""
"ENSG00000176024.18","ZNF613",0,0,1,""
"ENSG00000176095.12","IP6K1",0,0,2,""
"ENSG00000176428.6","VPS37D",0,0,16,""
"ENSG00000176473.14","WDR25",0,0,1,""
"ENSG00000176809.11","LRRC37A3",0,0,1,""
"ENSG00000176945.18","MUC20",0,0,4,""
"ENSG00000177034.17","MTX3",0.222222222222222,2,9,"EIF4E_UP,SRC_UP.V1_UP"
"ENSG00000178188.15","SH2B1",0.0357142857142857,2,56,"SIRNA_EIF4GI_UP,ESC_J1_UP_EARLY.V1_UP"
"ENSG00000178537.10","SLC25A20",0,0,1,""
"ENSG00000178921.14","PFAS",0,0,6,""
"ENSG00000178927.18","CYBC1",0,0,5,""
"ENSG00000179218.15","CALR",0,0,3,""
"ENSG00000179409.11","GEMIN4",0.4375,7,16,"STK33_DN,SIRNA_EIF4GI_UP,JAK2_DN.V1_DN,HALLMARK_GLYCOLYSIS,HALLMARK_ADIPOGENESIS,TBK1.DN.48HRS_DN,RB_P107_DN.V1_DN"
"ENSG00000179604.10","CDC42EP4",0.0714285714285714,1,14,"PID_PI3KCI_AKT_PATHWAY"
"ENSG00000179855.9","GIPC3",0,0,4,""
"ENSG00000179943.8","FIZ1",0.04,1,25,"CRX_DN.V1_UP"
"ENSG00000179950.14","PUF60",0,0,1,""
"ENSG00000179958.10","DCTPP1",0,0,32,""
"ENSG00000180263.14","FGD6",0.111111111111111,5,45,"HALLMARK_UV_RESPONSE_UP,SRC_UP.V1_UP,RB_P130_DN.V1_UP,HALLMARK_DNA_REPAIR,CAMP_UP.V1_UP"
"ENSG00000180694.14","TMEM64",0,0,1,""
"ENSG00000180822.12","PSMG4",0.833333333333333,5,6,"JAK2_DN.V1_DN,EIF4E_UP,MTOR_UP.N4.V1_UP,HALLMARK_OXIDATIVE_PHOSPHORYLATION,HALLMARK_FATTY_ACID_METABOLISM"
"ENSG00000181220.18","ZNF746",0,0,4,""
"ENSG00000181322.15","NME9",0,0,24,""
"ENSG00000181666.19","ZNF875",0.416666666666667,5,12,"CRX_NRL_DN.V1_DN,RAF_UP.V1_DN,RB_P130_DN.V1_DN,HALLMARK_PROTEIN_SECRETION,PID_ERBB1_DOWNSTREAM_PATHWAY"
"ENSG00000181896.12","ZNF101",0,0,4,""
"ENSG00000181904.9","C5orf24",0,0,2,""
"ENSG00000182054.10","IDH2",0,0,6,""
"ENSG00000182175.15","RGMA",0,0,3,""
"ENSG00000182287.15","AP1S2",0,0,13,""
"ENSG00000182518.14","FAM104B",0.5,2,4,"HALLMARK_DNA_REPAIR,MTOR_UP.N4.V1_DN"
"ENSG00000182541.18","LIMK2",0,0,5,""
"ENSG00000182606.17","TRAK1",0,0,1,""
"ENSG00000182718.18","ANXA2",0,0,3,""
"ENSG00000182831.12","C16orf72",0.35,7,20,"GCNP_SHH_UP_LATE.V1_DN,EIF4E_UP,CYCLIN_D1_KE_.V1_UP,SRC_UP.V1_UP,RB_DN.V1_UP,HALLMARK_P53_PATHWAY,HALLMARK_DNA_REPAIR"
"ENSG00000182963.11","GJC1",0,0,3,""
"ENSG00000183255.12","PTTG1IP",0.4375,7,16,"PID_ERBB1_INTERNALIZATION_PATHWAY,PGF_UP.V1_UP,PID_NECTIN_PATHWAY,HALLMARK_PROTEIN_SECRETION,PID_MET_PATHWAY,PID_CDC42_PATHWAY,PID_ECADHERIN_NASCENT_AJ_PATHWAY"
"ENSG00000183309.12","ZNF623",0.129032258064516,4,31,"BCAT_BILD_ET_AL_UP,SRC_UP.V1_UP,HALLMARK_P53_PATHWAY,CAMP_UP.V1_UP"
"ENSG00000183495.14","EP400",0.222222222222222,2,9,"EIF4E_UP,HALLMARK_DNA_REPAIR"
"ENSG00000183723.13","CMTM4",1,1,1,"EIF4E_UP"
"ENSG00000183891.6","TTC32",0,0,10,""
"ENSG00000183963.19","SMTN",0,0,1,""
"ENSG00000184083.12","FAM120C",0,0,15,""
"ENSG00000184216.14","IRAK1",0,0,3,""
"ENSG00000184254.17","ALDH1A3",0,0,3,""
"ENSG00000184432.11","COPB2",0,0,2,""
"ENSG00000184445.12","KNTC1",0,0,5,""
"ENSG00000184677.18","ZBTB40",0.153846153846154,2,13,"PID_ERBB1_INTERNALIZATION_PATHWAY,HALLMARK_PROTEIN_SECRETION"
"ENSG00000184708.18","EIF4ENIF1",0,0,2,""
"ENSG00000184863.11","RBM33",0.3,3,10,"PID_ERBB1_INTERNALIZATION_PATHWAY,HALLMARK_PROTEIN_SECRETION,PID_CDC42_PATHWAY"
"ENSG00000184923.12","NUTM2A",0,0,8,""
"ENSG00000185010.15","F8",0.555555555555556,5,9,"EIF4E_UP,SRC_UP.V1_UP,RB_P130_DN.V1_UP,HALLMARK_DNA_REPAIR,MTOR_UP.N4.V1_DN"
"ENSG00000185164.15","NOMO2",0.2,1,5,"PID_ERBB1_INTERNALIZATION_PATHWAY"
"ENSG00000185261.15","KIAA0825",0,0,3,""
"ENSG00000185499.17","MUC1",0,0,2,""
"ENSG00000185504.17","FAAP100",0,0,1,""
"ENSG00000185551.15","NR2F2",0,0,1,""
"ENSG00000185798.8","WDR53",0,0,3,""
"ENSG00000185900.11","POMK",0,0,8,""
"ENSG00000185946.16","RNPC3",0,0,3,""
"ENSG00000185963.14","BICD2",0,0,1,""
"ENSG00000186300.12","ZNF555",0.142857142857143,1,7,"CAMP_UP.V1_UP"
"ENSG00000186376.15","ZNF75D",0,0,3,""
"ENSG00000186448.15","ZNF197",0,0,1,""
"ENSG00000186522.15","SEPTIN10",0,0,1,""
"ENSG00000186591.13","UBE2H",0,0,4,""
"ENSG00000186635.15","ARAP1",0,0,4,""
"ENSG00000186638.17","KIF24",0,0,1,""
"ENSG00000186866.17","POFUT2",1,1,1,"JAK2_DN.V1_DN"
"ENSG00000187609.16","EXD3",0,0,2,""
"ENSG00000187742.15","SECISBP2",0,0,6,""
"ENSG00000188199.11","NUTM2B",0,0,74,""
"ENSG00000188493.15","C19orf54",0,0,9,""
"ENSG00000188559.16","RALGAPA2",0.289473684210526,11,38,"BCAT_BILD_ET_AL_UP,RAPA_EARLY_UP.V1_DN,EIF4E_UP,CYCLIN_D1_KE_.V1_UP,PDGF_ERK_DN.V1_DN,SRC_UP.V1_UP,RB_P130_DN.V1_UP,HALLMARK_P53_PATHWAY,HALLMARK_DNA_REPAIR,HALLMARK_OXIDATIVE_PHOSPHORYLATION,MTOR_UP.N4.V1_DN"
"ENSG00000188994.13","ZNF292",0.3,9,30,"ESC_V6.5_UP_LATE.V1_DN,RAPA_EARLY_UP.V1_DN,CYCLIN_D1_UP.V1_UP,EIF4E_UP,CYCLIN_D1_KE_.V1_UP,PDGF_ERK_DN.V1_DN,SRC_UP.V1_UP,HALLMARK_P53_PATHWAY,HALLMARK_DNA_REPAIR"
"ENSG00000189079.17","ARID2",0.666666666666667,2,3,"EIF4E_UP,HALLMARK_DNA_REPAIR"
"ENSG00000189157.14","FAM47E",0.571428571428571,8,14,"STK33_DN,SIRNA_EIF4GI_UP,JAK2_DN.V1_DN,MTOR_UP.N4.V1_UP,PID_CERAMIDE_PATHWAY,HALLMARK_PEROXISOME,HALLMARK_ADIPOGENESIS,HALLMARK_FATTY_ACID_METABOLISM"
"ENSG00000196123.13","KIAA0895L",0,0,1,""
"ENSG00000196159.14","FAT4",0,0,24,""
"ENSG00000196189.14","SEMA4A",0,0,1,""
"ENSG00000196208.14","GREB1",0.333333333333333,2,6,"EIF4E_UP,SRC_UP.V1_UP"
"ENSG00000196275.16","GTF2IRD2",0,0,30,""
"ENSG00000196313.13","POM121",0.444444444444444,4,9,"RAF_UP.V1_DN,TBK1.DF_DN,PGF_UP.V1_UP,HALLMARK_PROTEIN_SECRETION"
"ENSG00000196365.12","LONP1",0.032258064516129,1,31,"HALLMARK_UV_RESPONSE_UP"
"ENSG00000196396.10","PTPN1",0.4,14,35,"ESC_V6.5_UP_LATE.V1_DN,RAPA_EARLY_UP.V1_DN,CYCLIN_D1_UP.V1_UP,EIF4E_UP,CYCLIN_D1_KE_.V1_UP,HALLMARK_UV_RESPONSE_UP,PDGF_ERK_DN.V1_DN,SRC_UP.V1_UP,RB_P130_DN.V1_UP,HALLMARK_P53_PATHWAY,BCAT_BILD_ET_AL_DN,HALLMARK_DNA_REPAIR,MTOR_UP.N4.V1_DN,CAMP_UP.V1_UP"
"ENSG00000196405.13","EVL",0.375,3,8,"STK33_DN,CYCLIN_D1_UP.V1_DN,JAK2_DN.V1_DN"
"ENSG00000196411.10","EPHB4",0,0,3,""
"ENSG00000196417.13","ZNF765",0,0,1,""
"ENSG00000196418.13","ZNF124",0,0,1,""
"ENSG00000196419.13","XRCC6",0.3,3,10,"PID_ERBB1_INTERNALIZATION_PATHWAY,PGF_UP.V1_UP,PID_CDC42_PATHWAY"
"ENSG00000196428.13","TSC22D2",0,0,9,""
"ENSG00000196458.11","ZNF605",0,0,9,""
"ENSG00000196497.17","IPO4",0,0,1,""
"ENSG00000196498.13","NCOR2",0,0,2,""
"ENSG00000196588.21","MRTFA",0.2,1,5,"HALLMARK_PROTEIN_SECRETION"
"ENSG00000196712.19","NF1",0,0,8,""
"ENSG00000196757.8","ZNF700",0.7,7,10,"SIRNA_EIF4GI_UP,JAK2_DN.V1_DN,EIF4E_UP,MTOR_UP.N4.V1_UP,HALLMARK_ADIPOGENESIS,TBK1.DN.48HRS_DN,RB_P107_DN.V1_DN"
"ENSG00000196821.10","ILRUN",0,0,3,""
"ENSG00000196967.11","ZNF585A",0,0,3,""
"ENSG00000197020.12","ZNF100",0.170212765957447,8,47,"AKT_UP.V1_DN,BCAT_BILD_ET_AL_UP,ESC_V6.5_UP_LATE.V1_DN,SIRNA_EIF4GI_UP,AKT_UP_MTOR_DN.V1_DN,KRAS.50_UP.V1_DN,IL15_UP.V1_UP,NOTCH_DN.V1_DN"
"ENSG00000197043.14","ANXA6",0,0,11,""
"ENSG00000197077.14","KIAA1671",0.166666666666667,1,6,"HALLMARK_DNA_REPAIR"
"ENSG00000197119.13","SLC25A29",0.357142857142857,10,28,"SIRNA_EIF4GI_UP,JAK2_DN.V1_DN,EIF4E_UP,MTOR_UP.N4.V1_UP,HALLMARK_PEROXISOME,HALLMARK_ADIPOGENESIS,HALLMARK_REACTIVE_OXYGEN_SPECIES_PATHWAY,HALLMARK_OXIDATIVE_PHOSPHORYLATION,HALLMARK_FATTY_ACID_METABOLISM,RB_P107_DN.V1_DN"
"ENSG00000197226.13","TBC1D9B",0,0,2,""
"ENSG00000197461.13","PDGFA",0,0,20,""
"ENSG00000197601.13","FAR1",0.545454545454545,6,11,"STK33_DN,JAK2_DN.V1_DN,MTOR_UP.N4.V1_UP,MYC_UP.V1_UP,HALLMARK_OXIDATIVE_PHOSPHORYLATION,HALLMARK_FATTY_ACID_METABOLISM"
"ENSG00000197714.9","ZNF460",0,0,15,""
"ENSG00000197724.11","PHF2",0.333333333333333,2,6,"PID_ERBB1_INTERNALIZATION_PATHWAY,PGF_UP.V1_UP"
"ENSG00000197757.8","HOXC6",0,0,1,""
"ENSG00000197822.12","OCLN",0,0,1,""
"ENSG00000197841.15","ZNF181",0.037037037037037,1,27,"HALLMARK_DNA_REPAIR"
"ENSG00000197905.10","TEAD4",0,0,4,""
"ENSG00000197951.10","ZNF71",1,5,5,"EIF4E_UP,SRC_UP.V1_UP,RB_P130_DN.V1_UP,HALLMARK_DNA_REPAIR,HALLMARK_OXIDATIVE_PHOSPHORYLATION"
"ENSG00000197982.14","C1orf122",0,0,44,""
"ENSG00000198242.14","RPL23A",0,0,28,""
"ENSG00000198265.12","HELZ",0,0,31,""
"ENSG00000198373.13","WWP2",0.333333333333333,2,6,"PID_ERBB1_INTERNALIZATION_PATHWAY,HALLMARK_PROTEIN_SECRETION"
"ENSG00000198408.14","OGA",0.2,2,10,"PGF_UP.V1_UP,PID_CDC42_PATHWAY"
"ENSG00000198429.10","ZNF69",0.0256410256410256,1,39,"PDGF_ERK_DN.V1_DN"
"ENSG00000198546.15","ZNF511",0.6,3,5,"JAK2_DN.V1_DN,HALLMARK_ANDROGEN_RESPONSE,HALLMARK_PROTEIN_SECRETION"
"ENSG00000198554.12","WDHD1",0,0,5,""
"ENSG00000198586.14","TLK1",0,0,35,""
"ENSG00000198728.11","LDB1",0,0,68,""
"ENSG00000198836.11","OPA1",0,0,2,""
"ENSG00000198843.14","SELENOT",0,0,14,""
"ENSG00000198900.7","TOP1",0,0,6,""
"ENSG00000198901.14","PRC1",0,0,1,""
"ENSG00000198912.12","C1orf174",0,0,1,""
"ENSG00000203326.12","ZNF525",0,0,5,""
"ENSG00000203791.15","EEF1AKMT2",0,0,36,""
"ENSG00000204084.13","INPP5B",0,0,7,""
"ENSG00000204209.13","DAXX",0.333333333333333,1,3,"PID_MET_PATHWAY"
"ENSG00000204217.16","BMPR2",0,0,1,""
"ENSG00000204262.14","COL5A2",0,0,4,""
"ENSG00000204389.10","HSPA1A",0,0,38,""
"ENSG00000204444.11","APOM",0,0,10,""
"ENSG00000204560.10","DHX16",0.0666666666666667,1,15,"PGF_UP.V1_UP"
"ENSG00000204580.14","DDR1",0,0,1,""
"ENSG00000204713.11","TRIM27",1,1,1,"HALLMARK_PROTEIN_SECRETION"
"ENSG00000205090.9","TMEM240",0,0,1,""
"ENSG00000205213.14","LGR4",0,0,1,""
"ENSG00000205268.11","PDE7A",0,0,3,""
"ENSG00000205352.11","PRR13",0,0,2,""
"ENSG00000205476.9","CCDC85C",0.346153846153846,9,26,"SIRNA_EIF4GI_UP,ESC_J1_UP_EARLY.V1_UP,JAK2_DN.V1_DN,EIF4E_UP,MTOR_UP.N4.V1_UP,MYC_UP.V1_UP,HALLMARK_ADIPOGENESIS,HALLMARK_OXIDATIVE_PHOSPHORYLATION,HALLMARK_FATTY_ACID_METABOLISM"
"ENSG00000205937.12","RNPS1",0,0,1,""
"ENSG00000206053.13","JPT2",0,0,1,""
"ENSG00000213066.13","CEP43",0.4,2,5,"MTOR_UP.N4.V1_UP,HALLMARK_MTORC1_SIGNALING"
"ENSG00000213186.8","TRIM59",0.142857142857143,1,7,"HALLMARK_PROTEIN_SECRETION"
"ENSG00000213563.7","C8orf82",0,0,2,""
"ENSG00000213593.10","TMX2",0,0,12,""
"ENSG00000213967.12","ZNF726",0,0,64,""
"ENSG00000213995.12","NAXD",0.222222222222222,2,9,"PID_PI3KCI_AKT_PATHWAY,PID_ECADHERIN_NASCENT_AJ_PATHWAY"
"ENSG00000214087.9","ARL16",0,0,1,""
"ENSG00000214562.15","NUTM2D",0,0,9,""
"ENSG00000214654.9","B3GALT9",0.333333333333333,1,3,"PGF_UP.V1_UP"
"ENSG00000221926.13","TRIM16",0.175,7,40,"GCNP_SHH_UP_LATE.V1_DN,PDGF_ERK_DN.V1_DN,HALLMARK_P53_PATHWAY,HALLMARK_ADIPOGENESIS,PKCA_DN.V1_UP,HALLMARK_REACTIVE_OXYGEN_SPECIES_PATHWAY,CAMP_UP.V1_UP"
"ENSG00000227124.11","ZNF717",0.04,1,25,"HALLMARK_UV_RESPONSE_UP"
"ENSG00000227500.10","SCAMP4",0,0,1,""
"ENSG00000233822.6","H2BC15",0,0,1,""
"ENSG00000235453.12","SMIM27",0,0,11,""
"ENSG00000239306.5","RBM14",0.230769230769231,3,13,"EIF4E_UP,SRC_UP.V1_UP,HALLMARK_DNA_REPAIR"
"ENSG00000240065.8","PSMB9",0,0,12,""
"ENSG00000240184.7","PCDHGC3",0,0,1,""
"ENSG00000240682.10","ISY1",0.5,2,4,"TBK1.DF_DN,HALLMARK_PROTEIN_SECRETION"
"ENSG00000241258.7","CRCP",0.285714285714286,14,49,"BCAT_BILD_ET_AL_UP,SIRNA_EIF4GI_UP,ESC_J1_UP_EARLY.V1_UP,AKT_UP_MTOR_DN.V1_DN,GCNP_SHH_UP_LATE.V1_DN,EIF4E_UP,PDGF_ERK_DN.V1_DN,IL15_UP.V1_UP,SRC_UP.V1_UP,HALLMARK_P53_PATHWAY,HALLMARK_ADIPOGENESIS,PKCA_DN.V1_UP,HALLMARK_DNA_REPAIR,PID_HDAC_CLASSI_PATHWAY"
"ENSG00000241973.11","PI4KA",0,0,8,""
"ENSG00000242028.8","HYPK",0.75,3,4,"JAK2_DN.V1_DN,MTOR_UP.N4.V1_UP,HALLMARK_OXIDATIVE_PHOSPHORYLATION"
"ENSG00000242259.9","C22orf39",0.0625,1,16,"PID_NCADHERIN_PATHWAY"
"ENSG00000243156.9","MICAL3",0.5,2,4,"PID_ERBB1_INTERNALIZATION_PATHWAY,PID_ECADHERIN_NASCENT_AJ_PATHWAY"
"ENSG00000244462.8","RBM12",0,0,1,""
"ENSG00000250644.3","ENSG00000250644",0.0625,3,48,"MTOR_UP.V1_DN,AKT_UP_MTOR_DN.V1_UP,BCAT.100_UP.V1_UP"
"ENSG00000253159.3","PCDHGA12",0,0,38,""
"ENSG00000253305.3","PCDHGB6",0,0,88,""
"ENSG00000253731.3","PCDHGA6",0,0,49,""
"ENSG00000254122.3","PCDHGB7",0,0,84,""
"ENSG00000254221.3","PCDHGB1",0.027027027027027,1,37,"SRC_UP.V1_UP"
"ENSG00000254996.5","ANKHD1-EIF4EBP3",0.166666666666667,1,6,"EIF4E_UP"
"ENSG00000255529.9","POLR2M",0,0,2,""
"ENSG00000257591.6","ZNF625",0,0,1,""
"ENSG00000260916.8","CCPG1",0,0,21,""
"ENSG00000262576.3","PCDHGA4",0.0833333333333333,2,24,"PDGF_ERK_DN.V1_DN,HALLMARK_P53_PATHWAY"
"ENSG00000262919.8","CCNQ",0,0,12,""
"ENSG00000264343.7","NOTCH2NLA",0.0338983050847458,2,59,"SRC_UP.V1_UP,HALLMARK_DNA_REPAIR"
"ENSG00000265241.8","RBM8A",0,0,7,""
"ENSG00000266338.7","NBPF15",0,0,1,""
"ENSG00000269313.5","MAGIX",0,0,7,""
"ENSG00000269713.8","NBPF9",0.5,1,2,"SRC_UP.V1_UP"
"ENSG00000270629.7","NBPF14",0,0,1,""
"ENSG00000270800.3","RPS10-NUDT3",0,0,30,""
"ENSG00000271383.8","NBPF19",0,0,3,""
"ENSG00000275052.5","PPP4R3B",0,0,7,""
"ENSG00000276547.2","PCDHGB5",0,0,29,""
"ENSG00000278540.5","ACACA",0,0,2,""
"ENSG00000278619.5","MRM1",0,0,9,""
"ENSG00000288701.1","PRRC2B",0,0,2,""
