"gene_id","gene_name","tot_target","perc_valid_CellLine","valid_targets_CellLine","valid_targets_CellLine_names","perc_valid_LTL_longitudinal","valid_targets_LTL_longitudinal","valid_targets_LTL_longitudinal_names","perc_valid_PDX_longitudinal","valid_targets_PDX_longitudinal","valid_targets_PDX_longitudinal_names"
"ENSG00000004487.18","KDM1A",1,0,0,"",1,1,"PID_CDC42_PATHWAY",0,0,""
"ENSG00000005486.17","RHBDD2",1,0,0,"",0,0,"",0,0,""
"ENSG00000005893.16","LAMP2",6,0,0,"",1,6,"PID_ATM_PATHWAY,PID_BARD1_PATHWAY,HALLMARK_MITOTIC_SPINDLE,VEGF_A_UP.V1_DN,GCNP_SHH_UP_EARLY.V1_UP,PID_P53_REGULATION_PATHWAY",0.166666666666667,1,"PID_BARD1_PATHWAY"
"ENSG00000006704.11","GTF2IRD1",1,0,0,"",1,1,"HALLMARK_PROTEIN_SECRETION",0,0,""
"ENSG00000008083.14","JARID2",7,0,0,"",0.428571428571429,3,"GCNP_SHH_UP_LATE.V1_DN,CYCLIN_D1_UP.V1_UP,MTOR_UP.N4.V1_DN",0.142857142857143,1,"PGF_UP.V1_UP"
"ENSG00000010244.19","ZNF207",9,0.222222222222222,2,"MTOR_UP.N4.V1_UP,MYC_UP.V1_UP",0.222222222222222,2,"MYC_UP.V1_UP,HALLMARK_UNFOLDED_PROTEIN_RESPONSE",0,0,""
"ENSG00000011304.22","PTBP1",2,0,0,"",0,0,"",0,0,""
"ENSG00000012048.23","BRCA1",2,0,0,"",0.5,1,"PID_ERBB1_INTERNALIZATION_PATHWAY",0.5,1,"PGF_UP.V1_UP"
"ENSG00000012822.16","CALCOCO1",1,0,0,"",0,0,"",0,0,""
"ENSG00000013288.9","MAN2B2",7,0,0,"",0.857142857142857,6,"STK33_NOMO_DN,STK33_DN,LTE2_UP.V1_UP,JAK2_DN.V1_DN,RB_P130_DN.V1_DN,RB_P107_DN.V1_DN",0,0,""
"ENSG00000014257.16","ACP3",1,1,1,"AR_GSET",1,1,"AR_GSET",0,0,""
"ENSG00000014919.13","COX15",3,0,0,"",0.666666666666667,2,"EIF4E_UP,PGF_UP.V1_UP",0.333333333333333,1,"SRC_UP.V1_UP"
"ENSG00000015133.20","CCDC88C",6,0.333333333333333,2,"EIF4E_UP,HALLMARK_DNA_REPAIR",0.333333333333333,2,"EIF4E_UP,PID_ERBB1_INTERNALIZATION_PATHWAY",0.333333333333333,2,"PGF_UP.V1_UP,BCAT_BILD_ET_AL_DN"
"ENSG00000029364.12","SLC39A9",3,0,0,"",0,0,"",0.333333333333333,1,"PID_CDC42_PATHWAY"
"ENSG00000032219.19","ARID4A",2,0.5,1,"RAPA_EARLY_UP.V1_DN",0,0,"",0,0,""
"ENSG00000033100.17","CHPF2",2,0,0,"",0,0,"",1,2,"PGF_UP.V1_UP,HALLMARK_PROTEIN_SECRETION"
"ENSG00000037757.14","MRI1",1,0,0,"",0,0,"",0,0,""
"ENSG00000038532.16","CLEC16A",3,0,0,"",0,0,"",0.333333333333333,1,"PGF_UP.V1_UP"
"ENSG00000043093.15","DCUN1D1",1,0,0,"",1,1,"PID_ERBB1_INTERNALIZATION_PATHWAY",0,0,""
"ENSG00000047849.22","MAP4",2,0,0,"",0,0,"",1,2,"PID_ERBB1_INTERNALIZATION_PATHWAY,PGF_UP.V1_UP"
"ENSG00000048707.15","VPS13D",1,0,0,"",1,1,"EIF4E_UP",0,0,""
"ENSG00000050327.15","ARHGEF5",1,0,0,"",0,0,"",0,0,""
"ENSG00000051009.11","FHIP1B",7,0.142857142857143,1,"JAK2_DN.V1_DN",0,0,"",0.142857142857143,1,"JAK2_DN.V1_DN"
"ENSG00000054793.14","ATP9A",2,0,0,"",0.5,1,"EIF4E_UP",0.5,1,"EIF4E_UP"
"ENSG00000056586.16","RC3H2",6,0,0,"",0,0,"",0,0,""
"ENSG00000060491.17","OGFR",11,0.0909090909090909,1,"HALLMARK_ADIPOGENESIS",0.727272727272727,8,"STK33_NOMO_DN,STK33_DN,SIRNA_EIF4GI_UP,EIF4E_UP,MTOR_UP.N4.V1_UP,PDGF_ERK_DN.V1_UP,HALLMARK_ADIPOGENESIS,RB_P107_DN.V1_DN",0.272727272727273,3,"STK33_DN,HALLMARK_ADIPOGENESIS,HALLMARK_OXIDATIVE_PHOSPHORYLATION"
"ENSG00000063245.15","EPN1",6,0.333333333333333,2,"JAK2_DN.V1_DN,EIF4E_UP",0.666666666666667,4,"ESC_J1_UP_EARLY.V1_UP,JAK2_DN.V1_DN,EIF4E_UP,HALLMARK_UV_RESPONSE_UP",0.666666666666667,4,"ESC_J1_UP_EARLY.V1_UP,JAK2_DN.V1_DN,RAPA_EARLY_UP.V1_DN,SRC_UP.V1_UP"
"ENSG00000064102.15","INTS13",2,0,0,"",0,0,"",0.5,1,"PGF_UP.V1_UP"
"ENSG00000065613.15","SLK",2,0.5,1,"PID_RAS_PATHWAY",0,0,"",0,0,""
"ENSG00000069849.11","ATP1B3",1,0,0,"",0,0,"",0,0,""
"ENSG00000070413.20","DGCR2",1,0,0,"",0,0,"",0,0,""
"ENSG00000070610.14","GBA2",1,0,0,"",0,0,"",1,1,"HALLMARK_PROTEIN_SECRETION"
"ENSG00000070759.17","TESK2",1,0,0,"",1,1,"PGF_UP.V1_UP",0,0,""
"ENSG00000073803.14","MAP3K13",11,0,0,"",0.181818181818182,2,"HALLMARK_DNA_REPAIR,HALLMARK_UNFOLDED_PROTEIN_RESPONSE",0.181818181818182,2,"MTOR_UP.N4.V1_UP,HALLMARK_UNFOLDED_PROTEIN_RESPONSE"
"ENSG00000074603.19","DPP8",4,0,0,"",0.25,1,"HALLMARK_UV_RESPONSE_UP",0.25,1,"RB_P130_DN.V1_UP"
"ENSG00000075240.17","GRAMD4",1,0,0,"",0,0,"",0,0,""
"ENSG00000075399.14","VPS9D1",2,0,0,"",0.5,1,"PID_LYSOPHOSPHOLIPID_PATHWAY",0,0,""
"ENSG00000076248.11","UNG",1,1,1,"PID_IGF1_PATHWAY",0,0,"",0,0,""
"ENSG00000078674.19","PCM1",2,0,0,"",0.5,1,"EIF4E_UP",0,0,""
"ENSG00000079432.9","CIC",4,0,0,"",0,0,"",0,0,""
"ENSG00000079999.14","KEAP1",1,0,0,"",1,1,"PID_ERBB1_INTERNALIZATION_PATHWAY",0,0,""
"ENSG00000081803.17","CADPS2",3,0,0,"",0.333333333333333,1,"PGF_UP.V1_UP",0.333333333333333,1,"PGF_UP.V1_UP"
"ENSG00000082153.18","BZW1",2,0,0,"",0,0,"",1,2,"PID_ERBB1_INTERNALIZATION_PATHWAY,PGF_UP.V1_UP"
"ENSG00000082258.13","CCNT2",1,0,0,"",1,1,"PID_ERBB1_INTERNALIZATION_PATHWAY",1,1,"PID_ERBB1_INTERNALIZATION_PATHWAY"
"ENSG00000083223.18","TUT7",1,0,0,"",1,1,"PID_ERBB1_INTERNALIZATION_PATHWAY",1,1,"PID_ERBB1_INTERNALIZATION_PATHWAY"
"ENSG00000083812.13","ZNF324",1,0,0,"",0,0,"",0,0,""
"ENSG00000084774.14","CAD",1,0,0,"",1,1,"EIF4E_UP",0,0,""
"ENSG00000086015.23","MAST2",5,0,0,"",0.4,2,"PGF_UP.V1_UP,MTOR_UP.N4.V1_DN",0.6,3,"PGF_UP.V1_UP,SRC_UP.V1_UP,MTOR_UP.N4.V1_DN"
"ENSG00000086200.17","IPO11",4,0,0,"",0.5,2,"PID_ERBB1_INTERNALIZATION_PATHWAY,PID_CDC42_PATHWAY",1,4,"PID_ERBB1_INTERNALIZATION_PATHWAY,PGF_UP.V1_UP,HALLMARK_PROTEIN_SECRETION,PID_CDC42_PATHWAY"
"ENSG00000086758.16","HUWE1",5,0.2,1,"HALLMARK_DNA_REPAIR",0.8,4,"EIF4E_UP,HALLMARK_DNA_REPAIR,HALLMARK_OXIDATIVE_PHOSPHORYLATION,MTOR_UP.N4.V1_DN",0,0,""
"ENSG00000089876.12","DHX32",6,0,0,"",0.333333333333333,2,"PID_ERBB1_INTERNALIZATION_PATHWAY,PID_CDC42_PATHWAY",0.833333333333333,5,"PID_ERBB1_INTERNALIZATION_PATHWAY,PGF_UP.V1_UP,HALLMARK_PROTEIN_SECRETION,PID_CDC42_PATHWAY,PID_ECADHERIN_NASCENT_AJ_PATHWAY"
"ENSG00000090238.12","YPEL3",2,0,0,"",0,0,"",0,0,""
"ENSG00000092853.14","CLSPN",1,0,0,"",0,0,"",0,0,""
"ENSG00000095139.15","ARCN1",4,0,0,"",0.5,2,"EIF4E_UP,PID_ERBB1_INTERNALIZATION_PATHWAY",0.25,1,"PID_ERBB1_INTERNALIZATION_PATHWAY"
"ENSG00000096696.15","DSP",3,0,0,"",0.666666666666667,2,"EIF4E_UP,HALLMARK_DNA_REPAIR",0.333333333333333,1,"BCAT_BILD_ET_AL_DN"
"ENSG00000096717.12","SIRT1",1,0,0,"",1,1,"EIF4E_UP",0,0,""
"ENSG00000100036.13","SLC35E4",1,0,0,"",1,1,"HALLMARK_CHOLESTEROL_HOMEOSTASIS",0,0,""
"ENSG00000100106.22","TRIOBP",1,0,0,"",1,1,"PID_AR_PATHWAY",0,0,""
"ENSG00000100167.21","SEPTIN3",1,0,0,"",0,0,"",0,0,""
"ENSG00000100207.21","TCF20",6,0,0,"",0.333333333333333,2,"EIF4E_UP,RB_P130_DN.V1_UP",0.166666666666667,1,"EIF4E_UP"
"ENSG00000100297.16","MCM5",6,0,0,"",0.5,3,"HALLMARK_UV_RESPONSE_UP,RB_P130_DN.V1_UP,HALLMARK_DNA_REPAIR",0,0,""
"ENSG00000100393.14","EP300",8,0,0,"",0.75,6,"EIF4E_UP,HALLMARK_UV_RESPONSE_UP,RB_P130_DN.V1_UP,HALLMARK_DNA_REPAIR,HALLMARK_OXIDATIVE_PHOSPHORYLATION,CAMP_UP.V1_UP",0.125,1,"EIF4E_UP"
"ENSG00000100528.12","CNIH1",1,0,0,"",0,0,"",0,0,""
"ENSG00000100558.9","PLEK2",1,0,0,"",0,0,"",0,0,""
"ENSG00000100603.14","SNW1",2,0,0,"",0,0,"",0,0,""
"ENSG00000100813.15","ACIN1",1,0,0,"",1,1,"PID_ERBB1_INTERNALIZATION_PATHWAY",0,0,""
"ENSG00000100836.11","PABPN1",2,0,0,"",0,0,"",1,2,"LTE2_UP.V1_UP,JAK2_DN.V1_DN"
"ENSG00000100982.12","PCIF1",3,0,0,"",0.666666666666667,2,"PID_ERBB1_INTERNALIZATION_PATHWAY,PID_CDC42_PATHWAY",0.666666666666667,2,"PID_ERBB1_INTERNALIZATION_PATHWAY,PID_ECADHERIN_NASCENT_AJ_PATHWAY"
"ENSG00000101019.22","UQCC1",4,0,0,"",0,0,"",0,0,""
"ENSG00000102871.16","TRADD",3,0,0,"",0.666666666666667,2,"LTE2_UP.V1_UP,RB_P130_DN.V1_DN",0,0,""
"ENSG00000103037.12","SETD6",1,0,0,"",1,1,"JAK2_DN.V1_DN",0,0,""
"ENSG00000103260.9","METRN",1,0,0,"",0,0,"",1,1,"JAK2_DN.V1_DN"
"ENSG00000103942.13","HOMER2",19,0.210526315789474,4,"HALLMARK_MYC_TARGETS_V2,HALLMARK_ADIPOGENESIS,HALLMARK_REACTIVE_OXYGEN_SPECIES_PATHWAY,MTOR_UP.N4.V1_DN",0.368421052631579,7,"JAK2_DN.V1_DN,HALLMARK_MYC_TARGETS_V2,HALLMARK_DNA_REPAIR,HALLMARK_OXIDATIVE_PHOSPHORYLATION,MTOR_UP.N4.V1_DN,HALLMARK_UNFOLDED_PROTEIN_RESPONSE,CAMP_UP.V1_UP",0.157894736842105,3,"SIRNA_EIF4GI_UP,AKT_UP.V1_UP,HALLMARK_ADIPOGENESIS"
"ENSG00000104067.17","TJP1",1,0,0,"",0,0,"",0,0,""
"ENSG00000104549.12","SQLE",2,0.5,1,"EIF4E_UP",0.5,1,"EIF4E_UP",0.5,1,"EIF4E_UP"
"ENSG00000104812.15","GYS1",4,0,0,"",0.5,2,"PID_ERBB1_INTERNALIZATION_PATHWAY,PID_CDC42_PATHWAY",0.75,3,"HALLMARK_PROTEIN_SECRETION,PID_CDC42_PATHWAY,PID_ECADHERIN_NASCENT_AJ_PATHWAY"
"ENSG00000105185.12","PDCD5",7,0,0,"",0,0,"",0,0,""
"ENSG00000105426.18","PTPRS",7,0.142857142857143,1,"HALLMARK_DNA_REPAIR",0.285714285714286,2,"HALLMARK_DNA_REPAIR,HALLMARK_OXIDATIVE_PHOSPHORYLATION",0,0,""
"ENSG00000105556.12","MIER2",7,0,0,"",0.428571428571429,3,"TBK1.DF_DN,PID_ERBB1_INTERNALIZATION_PATHWAY,PID_CDC42_PATHWAY",0,0,""
"ENSG00000105568.18","PPP2R1A",4,0,0,"",0,0,"",0,0,""
"ENSG00000105879.12","CBLL1",1,0,0,"",0,0,"",0,0,""
"ENSG00000106397.12","PLOD3",4,0,0,"",0.25,1,"PID_ERBB1_INTERNALIZATION_PATHWAY",0,0,""
"ENSG00000107021.16","TBC1D13",3,0,0,"",0.333333333333333,1,"PID_CDC42_PATHWAY",0.666666666666667,2,"PID_ERBB1_INTERNALIZATION_PATHWAY,HALLMARK_PROTEIN_SECRETION"
"ENSG00000107281.10","NPDC1",1,0,0,"",1,1,"JAK2_DN.V1_DN",0,0,""
"ENSG00000107554.17","DNMBP",1,0,0,"",1,1,"EIF4E_UP",0,0,""
"ENSG00000108021.20","TASOR2",1,0,0,"",0,0,"",0,0,""
"ENSG00000108100.18","CCNY",2,0.5,1,"CAMP_UP.V1_UP",0,0,"",0,0,""
"ENSG00000108375.13","RNF43",7,0,0,"",0.142857142857143,1,"EIF4E_UP",0.428571428571429,3,"PGF_UP.V1_UP,BCAT_BILD_ET_AL_DN,ERBB2_UP.V1_DN"
"ENSG00000108389.10","MTMR4",1,0,0,"",0,0,"",0,0,""
"ENSG00000108641.20","B9D1",11,0.0909090909090909,1,"MYC_UP.V1_UP",0.363636363636364,4,"JAK2_DN.V1_DN,HALLMARK_ADIPOGENESIS,HALLMARK_OXIDATIVE_PHOSPHORYLATION,HALLMARK_FATTY_ACID_METABOLISM",0.363636363636364,4,"LTE2_UP.V1_UP,JAK2_DN.V1_DN,MYC_UP.V1_UP,HALLMARK_ADIPOGENESIS"
"ENSG00000109118.14","PHF12",2,0,0,"",0,0,"",0.5,1,"STK33_NOMO_DN"
"ENSG00000109685.19","NSD2",1,0,0,"",0,0,"",0,0,""
"ENSG00000110013.13","SIAE",5,0.2,1,"HALLMARK_FATTY_ACID_METABOLISM",1,5,"LTE2_UP.V1_UP,HALLMARK_CHOLESTEROL_HOMEOSTASIS,HALLMARK_PEROXISOME,HALLMARK_ADIPOGENESIS,HALLMARK_FATTY_ACID_METABOLISM",0,0,""
"ENSG00000110046.13","ATG2A",4,0,0,"",0.75,3,"EIF4E_UP,PID_ERBB1_INTERNALIZATION_PATHWAY,HALLMARK_DNA_REPAIR",0,0,""
"ENSG00000110237.5","ARHGEF17",2,0,0,"",0.5,1,"MTOR_UP.N4.V1_DN",0.5,1,"BCAT_BILD_ET_AL_DN"
"ENSG00000110330.10","BIRC2",2,0,0,"",0.5,1,"EIF4E_UP",0.5,1,"PGF_UP.V1_UP"
"ENSG00000110651.12","CD81",1,0,0,"",0,0,"",0,0,""
"ENSG00000111196.10","MAGOHB",3,0.333333333333333,1,"EIF4E_UP",0.666666666666667,2,"EIF4E_UP,HALLMARK_DNA_REPAIR",0,0,""
"ENSG00000111640.15","GAPDH",7,0,0,"",0.571428571428571,4,"TBK1.DF_DN,PID_ERBB1_INTERNALIZATION_PATHWAY,PGF_UP.V1_UP,PID_SMAD2_3PATHWAY",0,0,""
"ENSG00000111647.13","UHRF1BP1L",4,0,0,"",0.25,1,"SRC_UP.V1_UP",0,0,""
"ENSG00000111752.11","PHC1",1,0,0,"",0,0,"",1,1,"EIF4E_UP"
"ENSG00000112576.13","CCND3",1,0,0,"",1,1,"PID_PLK1_PATHWAY",0,0,""
"ENSG00000113282.14","CLINT1",3,0,0,"",0,0,"",0,0,""
"ENSG00000113558.19","SKP1",2,0,0,"",0,0,"",0,0,""
"ENSG00000113615.13","SEC24A",10,0.1,1,"AKT_UP_MTOR_DN.V1_DN",0,0,"",0,0,""
"ENSG00000113761.12","ZNF346",4,0,0,"",0.25,1,"HALLMARK_GLYCOLYSIS",0,0,""
"ENSG00000115339.14","GALNT3",2,0.5,1,"EIF4E_UP",0.5,1,"EIF4E_UP",0,0,""
"ENSG00000115464.15","USP34",4,0,0,"",0.25,1,"EIF4E_UP",0.25,1,"PGF_UP.V1_UP"
"ENSG00000115484.15","CCT4",2,0,0,"",0,0,"",0,0,""
"ENSG00000115970.19","THADA",1,0,0,"",0,0,"",0,0,""
"ENSG00000116127.20","ALMS1",2,0,0,"",0.5,1,"EIF4E_UP",0,0,""
"ENSG00000116128.12","BCL9",1,0,0,"",0,0,"",0,0,""
"ENSG00000116641.18","DOCK7",4,0,0,"",0,0,"",0,0,""
"ENSG00000116698.22","SMG7",1,0,0,"",0,0,"",0,0,""
"ENSG00000116815.16","CD58",9,0,0,"",0.333333333333333,3,"JAK2_DN.V1_DN,EIF4E_UP,HALLMARK_OXIDATIVE_PHOSPHORYLATION",0,0,""
"ENSG00000117153.16","KLHL12",5,0,0,"",0.4,2,"PID_ERBB1_INTERNALIZATION_PATHWAY,PID_CDC42_PATHWAY",0.8,4,"PID_ERBB1_INTERNALIZATION_PATHWAY,HALLMARK_PROTEIN_SECRETION,PID_CDC42_PATHWAY,PID_ECADHERIN_NASCENT_AJ_PATHWAY"
"ENSG00000117305.15","HMGCL",1,0,0,"",0,0,"",0,0,""
"ENSG00000117410.14","ATP6V0B",2,0,0,"",0,0,"",0,0,""
"ENSG00000117419.16","ERI3",2,0,0,"",0,0,"",0,0,""
"ENSG00000117595.12","IRF6",4,0,0,"",0,0,"",0.5,2,"PID_CDC42_PATHWAY,PID_ECADHERIN_NASCENT_AJ_PATHWAY"
"ENSG00000117868.18","ESYT2",1,0,0,"",0,0,"",0,0,""
"ENSG00000118096.10","IFT46",2,0,0,"",0,0,"",0,0,""
"ENSG00000118197.14","DDX59",4,0,0,"",0.5,2,"PID_ERBB1_INTERNALIZATION_PATHWAY,PID_CDC42_PATHWAY",1,4,"PID_ERBB1_INTERNALIZATION_PATHWAY,PGF_UP.V1_UP,HALLMARK_PROTEIN_SECRETION,PID_CDC42_PATHWAY"
"ENSG00000118200.15","CAMSAP2",1,0,0,"",1,1,"EIF4E_UP",0,0,""
"ENSG00000118454.13","ANKRD13C",3,0,0,"",0,0,"",0.333333333333333,1,"PGF_UP.V1_UP"
"ENSG00000119326.15","CTNNAL1",6,0,0,"",0.5,3,"TBK1.DF_DN,PID_ERBB1_INTERNALIZATION_PATHWAY,PID_CDC42_PATHWAY",1,6,"TBK1.DF_DN,PID_ERBB1_INTERNALIZATION_PATHWAY,PGF_UP.V1_UP,HALLMARK_PROTEIN_SECRETION,PID_CDC42_PATHWAY,PID_ECADHERIN_NASCENT_AJ_PATHWAY"
"ENSG00000119383.21","PTPA",3,0,0,"",0,0,"",0,0,""
"ENSG00000119778.15","ATAD2B",2,0,0,"",0,0,"",0,0,""
"ENSG00000120158.12","RCL1",2,0,0,"",0,0,"",0,0,""
"ENSG00000120733.14","KDM3B",3,0,0,"",0.666666666666667,2,"EIF4E_UP,MTOR_UP.N4.V1_DN",0,0,""
"ENSG00000120948.19","TARDBP",2,0.5,1,"JAK2_DN.V1_DN",1,2,"JAK2_DN.V1_DN,PID_ERBB1_INTERNALIZATION_PATHWAY",0,0,""
"ENSG00000121578.13","B4GALT4",14,0,0,"",0.642857142857143,9,"JAK2_DN.V1_DN,HALLMARK_GLYCOLYSIS,HALLMARK_PI3K_AKT_MTOR_SIGNALING,HALLMARK_ADIPOGENESIS,HALLMARK_OXIDATIVE_PHOSPHORYLATION,HALLMARK_FATTY_ACID_METABOLISM,HALLMARK_UNFOLDED_PROTEIN_RESPONSE,TBK1.DN.48HRS_DN,RB_P107_DN.V1_DN",0,0,""
"ENSG00000121931.16","LRIF1",2,0,0,"",1,2,"ESC_V6.5_UP_LATE.V1_DN,HALLMARK_UV_RESPONSE_UP",0,0,""
"ENSG00000122642.11","FKBP9",1,0,0,"",1,1,"PID_CDC42_PATHWAY",1,1,"PID_CDC42_PATHWAY"
"ENSG00000124164.16","VAPB",2,0,0,"",1,2,"MYC_UP.V1_UP,MTOR_UP.N4.V1_DN",0,0,""
"ENSG00000124831.19","LRRFIP1",2,0,0,"",0.5,1,"EIF4E_UP",0.5,1,"EIF4E_UP"
"ENSG00000125482.13","TTF1",5,0,0,"",0.4,2,"HALLMARK_MITOTIC_SPINDLE,EIF4E_UP",0,0,""
"ENSG00000125686.12","MED1",1,0,0,"",0,0,"",1,1,"PID_CDC42_PATHWAY"
"ENSG00000125871.14","MGME1",2,0,0,"",0,0,"",0,0,""
"ENSG00000125912.11","NCLN",1,0,0,"",0,0,"",0,0,""
"ENSG00000127481.15","UBR4",13,0.230769230769231,3,"ESC_V6.5_UP_LATE.V1_DN,GCNP_SHH_UP_LATE.V1_DN,HALLMARK_DNA_REPAIR",0.538461538461538,7,"ESC_V6.5_UP_LATE.V1_DN,ESC_J1_UP_EARLY.V1_UP,EIF4E_UP,HALLMARK_ADIPOGENESIS,HALLMARK_DNA_REPAIR,HALLMARK_OXIDATIVE_PHOSPHORYLATION,MTOR_UP.N4.V1_DN",0,0,""
"ENSG00000127483.19","HP1BP3",6,0.5,3,"MTOR_UP.N4.V1_UP,HALLMARK_ADIPOGENESIS,HALLMARK_OXIDATIVE_PHOSPHORYLATION",0.833333333333333,5,"JAK2_DN.V1_DN,MTOR_UP.N4.V1_UP,HALLMARK_ADIPOGENESIS,HALLMARK_REACTIVE_OXYGEN_SPECIES_PATHWAY,HALLMARK_OXIDATIVE_PHOSPHORYLATION",0.166666666666667,1,"JAK2_DN.V1_DN"
"ENSG00000127993.16","RBM48",1,0,0,"",0,0,"",0,0,""
"ENSG00000129235.11","TXNDC17",1,0,0,"",0,0,"",0,0,""
"ENSG00000129682.16","FGF13",3,0,0,"",0.333333333333333,1,"HALLMARK_DNA_REPAIR",0,0,""
"ENSG00000130024.15","PHF10",3,0,0,"",0.333333333333333,1,"MTOR_UP.N4.V1_DN",0.333333333333333,1,"MTOR_UP.N4.V1_DN"
"ENSG00000130305.17","NSUN5",3,0,0,"",0,0,"",0.666666666666667,2,"HALLMARK_PROTEIN_SECRETION,PID_ERBB1_DOWNSTREAM_PATHWAY"
"ENSG00000130749.10","ZC3H4",2,0,0,"",0.5,1,"EIF4E_UP",0,0,""
"ENSG00000130770.18","ATP5IF1",13,0.153846153846154,2,"LTE2_UP.V1_UP,RB_DN.V1_DN",0.769230769230769,10,"LTE2_UP.V1_UP,SIRNA_EIF4GI_UP,ESC_J1_UP_EARLY.V1_UP,RB_DN.V1_DN,HALLMARK_CHOLESTEROL_HOMEOSTASIS,HALLMARK_PEROXISOME,HALLMARK_ADIPOGENESIS,HALLMARK_REACTIVE_OXYGEN_SPECIES_PATHWAY,HALLMARK_FATTY_ACID_METABOLISM,RB_P107_DN.V1_DN",0.307692307692308,4,"JAK2_DN.V1_DN,MYC_UP.V1_UP,HALLMARK_ADIPOGENESIS,HALLMARK_OXIDATIVE_PHOSPHORYLATION"
"ENSG00000130939.20","UBE4B",3,0,0,"",0.666666666666667,2,"EIF4E_UP,HALLMARK_DNA_REPAIR",0.333333333333333,1,"EIF4E_UP"
"ENSG00000130985.17","UBA1",1,0,0,"",0,0,"",0,0,""
"ENSG00000131828.14","PDHA1",1,0,0,"",0,0,"",0,0,""
"ENSG00000132423.12","COQ3",1,0,0,"",1,1,"PID_MET_PATHWAY",0,0,""
"ENSG00000132680.11","KHDC4",1,0,0,"",1,1,"JAK2_DN.V1_DN",0,0,""
"ENSG00000132749.11","TESMIN",4,0,0,"",0,0,"",0.25,1,"HALLMARK_ADIPOGENESIS"
"ENSG00000132842.14","AP3B1",3,0,0,"",0.666666666666667,2,"PID_ERBB1_INTERNALIZATION_PATHWAY,PID_CDC42_PATHWAY",1,3,"PID_ERBB1_INTERNALIZATION_PATHWAY,PGF_UP.V1_UP,PID_CDC42_PATHWAY"
"ENSG00000132952.12","USPL1",1,0,0,"",1,1,"EIF4E_UP",0,0,""
"ENSG00000133028.12","SCO1",5,0.6,3,"HALLMARK_OXIDATIVE_PHOSPHORYLATION,MTOR_UP.N4.V1_DN,HALLMARK_FATTY_ACID_METABOLISM",0.6,3,"HALLMARK_DNA_REPAIR,HALLMARK_OXIDATIVE_PHOSPHORYLATION,MTOR_UP.N4.V1_DN",0.4,2,"HALLMARK_OXIDATIVE_PHOSPHORYLATION,HALLMARK_FATTY_ACID_METABOLISM"
"ENSG00000133313.15","CNDP2",2,0,0,"",0.5,1,"PID_CDC42_PATHWAY",1,2,"PID_CDC42_PATHWAY,PID_ECADHERIN_NASCENT_AJ_PATHWAY"
"ENSG00000133884.10","DPF2",1,0,0,"",0,0,"",0,0,""
"ENSG00000133997.12","MED6",13,0.230769230769231,3,"MTOR_UP.N4.V1_UP,HALLMARK_OXIDATIVE_PHOSPHORYLATION,MTOR_UP.N4.V1_DN",0.846153846153846,11,"ESC_V6.5_UP_LATE.V1_DN,JAK2_DN.V1_DN,EIF4E_UP,MTOR_UP.N4.V1_UP,HALLMARK_UV_RESPONSE_UP,RB_P130_DN.V1_UP,HALLMARK_ADIPOGENESIS,HALLMARK_DNA_REPAIR,HALLMARK_OXIDATIVE_PHOSPHORYLATION,MTOR_UP.N4.V1_DN,CAMP_UP.V1_UP",0,0,""
"ENSG00000134245.18","WNT2B",16,0,0,"",0.0625,1,"PID_HEDGEHOG_2PATHWAY",0,0,""
"ENSG00000134318.15","ROCK2",7,0.285714285714286,2,"RAPA_EARLY_UP.V1_DN,RB_P130_DN.V1_UP",0.285714285714286,2,"RB_P130_DN.V1_UP,HALLMARK_DNA_REPAIR",0,0,""
"ENSG00000135049.16","AGTPBP1",1,0,0,"",0,0,"",0,0,""
"ENSG00000135111.16","TBX3",1,0,0,"",0,0,"",0,0,""
"ENSG00000135624.17","CCT7",4,0,0,"",0,0,"",0,0,""
"ENSG00000135722.9","FBXL8",5,0,0,"",0,0,"",0.6,3,"ESC_J1_UP_EARLY.V1_UP,IL2_UP.V1_UP,HALLMARK_ADIPOGENESIS"
"ENSG00000135801.10","TAF5L",1,0,0,"",0,0,"",0,0,""
"ENSG00000136205.17","TNS3",1,0,0,"",1,1,"PID_ERBB1_INTERNALIZATION_PATHWAY",0,0,""
"ENSG00000136270.14","TBRG4",1,0,0,"",0,0,"",0,0,""
"ENSG00000136451.9","VEZF1",1,0,0,"",1,1,"HALLMARK_DNA_REPAIR",0,0,""
"ENSG00000136830.12","NIBAN2",2,0.5,1,"EIF4E_UP",0.5,1,"EIF4E_UP",0,0,""
"ENSG00000137409.20","MTCH1",1,1,1,"HALLMARK_ANDROGEN_RESPONSE",1,1,"HALLMARK_ANDROGEN_RESPONSE",0,0,""
"ENSG00000137692.12","DCUN1D5",1,0,0,"",0,0,"",0,0,""
"ENSG00000137942.18","FNBP1L",1,0,0,"",1,1,"RB_P130_DN.V1_UP",0,0,""
"ENSG00000138029.14","HADHB",3,0,0,"",0.666666666666667,2,"PID_ERBB1_INTERNALIZATION_PATHWAY,PID_CDC42_PATHWAY",0,0,""
"ENSG00000138640.15","FAM13A",1,0,0,"",0,0,"",0,0,""
"ENSG00000138802.11","SEC24B",7,0.142857142857143,1,"RAPA_EARLY_UP.V1_DN",0.285714285714286,2,"EIF4E_UP,HALLMARK_DNA_REPAIR",0,0,""
"ENSG00000139116.19","KIF21A",1,0,0,"",0,0,"",0,0,""
"ENSG00000139190.17","VAMP1",1,0,0,"",0,0,"",0,0,""
"ENSG00000139725.8","RHOF",1,0,0,"",0,0,"",1,1,"HALLMARK_ADIPOGENESIS"
"ENSG00000139977.14","NAA30",1,0,0,"",0,0,"",0,0,""
"ENSG00000140632.17","GLYR1",2,0,0,"",0.5,1,"PID_CDC42_PATHWAY",0,0,""
"ENSG00000140836.17","ZFHX3",21,0.285714285714286,6,"ESC_V6.5_UP_LATE.V1_DN,AKT_UP_MTOR_DN.V1_DN,RAPA_EARLY_UP.V1_DN,RB_DN.V1_UP,HALLMARK_DNA_REPAIR,CAMP_UP.V1_UP",0.142857142857143,3,"SRC_UP.V1_UP,RB_P130_DN.V1_UP,HALLMARK_DNA_REPAIR",0.0476190476190476,1,"EIF4E_UP"
"ENSG00000141098.13","GFOD2",1,0,0,"",0,0,"",0,0,""
"ENSG00000141349.9","G6PC3",2,0,0,"",0,0,"",0,0,""
"ENSG00000141446.11","ESCO1",2,0,0,"",0.5,1,"PID_ERBB1_INTERNALIZATION_PATHWAY",0.5,1,"PGF_UP.V1_UP"
"ENSG00000141540.11","TTYH2",2,0,0,"",0,0,"",0,0,""
"ENSG00000141756.19","FKBP10",1,0,0,"",1,1,"HALLMARK_PROTEIN_SECRETION",0,0,""
"ENSG00000141759.15","TXNL4A",1,1,1,"EIF4E_UP",1,1,"EIF4E_UP",0,0,""
"ENSG00000142453.12","CARM1",1,0,0,"",1,1,"PGF_UP.V1_UP",0,0,""
"ENSG00000142599.19","RERE",2,0,0,"",0.5,1,"HALLMARK_ADIPOGENESIS",0,0,""
"ENSG00000142949.17","PTPRF",1,0,0,"",0,0,"",0,0,""
"ENSG00000143450.19","OAZ3",12,0.0833333333333333,1,"HALLMARK_FATTY_ACID_METABOLISM",0.833333333333333,10,"LTE2_UP.V1_UP,BCAT_BILD_ET_AL_UP,SIRNA_EIF4GI_UP,GCNP_SHH_UP_LATE.V1_DN,HALLMARK_CHOLESTEROL_HOMEOSTASIS,PID_CERAMIDE_PATHWAY,HALLMARK_ADIPOGENESIS,HALLMARK_REACTIVE_OXYGEN_SPECIES_PATHWAY,HALLMARK_FATTY_ACID_METABOLISM,RB_P107_DN.V1_DN",0,0,""
"ENSG00000143622.11","RIT1",4,0,0,"",0.25,1,"EIF4E_UP",0.25,1,"EIF4E_UP"
"ENSG00000144559.11","TAMM41",9,0,0,"",0.777777777777778,7,"EIF4E_UP,HALLMARK_UV_RESPONSE_UP,HALLMARK_GLYCOLYSIS,RB_P130_DN.V1_UP,HALLMARK_DNA_REPAIR,HALLMARK_OXIDATIVE_PHOSPHORYLATION,CAMP_UP.V1_UP",0,0,""
"ENSG00000144645.15","OSBPL10",7,0,0,"",0.571428571428571,4,"STK33_NOMO_DN,STK33_DN,MTOR_UP.N4.V1_UP,HALLMARK_UV_RESPONSE_UP",0,0,""
"ENSG00000144791.10","LIMD1",8,0,0,"",0.25,2,"ESC_J1_UP_EARLY.V1_UP,EIF4E_UP",0.25,2,"HALLMARK_MITOTIC_SPINDLE,EIF4E_UP"
"ENSG00000145041.16","DCAF1",1,0,0,"",1,1,"PID_ERBB1_INTERNALIZATION_PATHWAY",0,0,""
"ENSG00000146267.12","FAXC",4,0,0,"",0.75,3,"EIF4E_UP,HALLMARK_UV_RESPONSE_UP,RB_P130_DN.V1_UP",0,0,""
"ENSG00000146416.19","AIG1",1,0,0,"",1,1,"JAK2_DN.V1_DN",0,0,""
"ENSG00000146463.12","ZMYM4",9,0.333333333333333,3,"GCNP_SHH_UP_LATE.V1_DN,CYCLIN_D1_KE_.V1_UP,HALLMARK_DNA_REPAIR",0.444444444444444,4,"EIF4E_UP,HALLMARK_DNA_REPAIR,HALLMARK_OXIDATIVE_PHOSPHORYLATION,MTOR_UP.N4.V1_DN",0.222222222222222,2,"PGF_UP.V1_UP,BCAT_BILD_ET_AL_DN"
"ENSG00000147364.17","FBXO25",1,0,0,"",1,1,"MTOR_UP.N4.V1_DN",0,0,""
"ENSG00000147853.17","AK3",1,0,0,"",0,0,"",1,1,"PID_ECADHERIN_NASCENT_AJ_PATHWAY"
"ENSG00000147862.18","NFIB",2,0,0,"",0,0,"",0.5,1,"EIF4E_UP"
"ENSG00000148773.14","MKI67",7,0.571428571428571,4,"BCAT_BILD_ET_AL_UP,RAPA_EARLY_UP.V1_DN,PDGF_ERK_DN.V1_DN,HALLMARK_P53_PATHWAY",0.571428571428571,4,"BCAT_BILD_ET_AL_UP,EIF4E_UP,RB_P130_DN.V1_UP,HALLMARK_P53_PATHWAY",0,0,""
"ENSG00000148840.11","PPRC1",1,0,0,"",1,1,"EIF4E_UP",0,0,""
"ENSG00000149182.15","ARFGAP2",5,0,0,"",0,0,"",0.2,1,"PID_MET_PATHWAY"
"ENSG00000149262.17","INTS4",4,0,0,"",0.25,1,"PID_CDC42_PATHWAY",0.75,3,"PGF_UP.V1_UP,HALLMARK_PROTEIN_SECRETION,PID_ECADHERIN_NASCENT_AJ_PATHWAY"
"ENSG00000149289.11","ZC3H12C",3,0,0,"",0.333333333333333,1,"HALLMARK_UV_RESPONSE_UP",0,0,""
"ENSG00000150093.20","ITGB1",1,0,0,"",0,0,"",0,0,""
"ENSG00000150281.7","CTF1",1,1,1,"HALLMARK_APICAL_JUNCTION",0,0,"",1,1,"HALLMARK_APICAL_JUNCTION"
"ENSG00000151131.11","NOPCHAP1",16,0.3125,5,"GCNP_SHH_UP_LATE.V1_DN,EIF4E_UP,MTOR_UP.N4.V1_UP,HALLMARK_DNA_REPAIR,HALLMARK_REACTIVE_OXYGEN_SPECIES_PATHWAY",0.5625,9,"JAK2_DN.V1_DN,EIF4E_UP,HALLMARK_UV_RESPONSE_UP,HALLMARK_ADIPOGENESIS,HALLMARK_DNA_REPAIR,HALLMARK_REACTIVE_OXYGEN_SPECIES_PATHWAY,HALLMARK_OXIDATIVE_PHOSPHORYLATION,HALLMARK_UNFOLDED_PROTEIN_RESPONSE,CAMP_UP.V1_UP",0.1875,3,"MTOR_UP.N4.V1_UP,HALLMARK_UNFOLDED_PROTEIN_RESPONSE,RB_P107_DN.V1_DN"
"ENSG00000151779.13","NBAS",15,0.533333333333333,8,"BCAT_BILD_ET_AL_UP,ESC_V6.5_UP_LATE.V1_DN,AKT_UP_MTOR_DN.V1_DN,GCNP_SHH_UP_LATE.V1_DN,CYCLIN_D1_UP.V1_UP,CYCLIN_D1_KE_.V1_UP,HALLMARK_P53_PATHWAY,HALLMARK_DNA_REPAIR",0.133333333333333,2,"EIF4E_UP,HALLMARK_DNA_REPAIR",0,0,""
"ENSG00000152234.16","ATP5F1A",2,0,0,"",0,0,"",0.5,1,"PID_ERBB1_INTERNALIZATION_PATHWAY"
"ENSG00000152332.16","UHMK1",1,0,0,"",1,1,"EIF4E_UP",1,1,"EIF4E_UP"
"ENSG00000152492.15","CCDC50",2,0.5,1,"HALLMARK_MYC_TARGETS_V2",0.5,1,"PID_LPA4_PATHWAY",0,0,""
"ENSG00000154370.16","TRIM11",19,0,0,"",0.315789473684211,6,"JAK2_DN.V1_DN,EIF4E_UP,HALLMARK_UV_RESPONSE_UP,MYC_UP.V1_UP,HALLMARK_DNA_REPAIR,HALLMARK_OXIDATIVE_PHOSPHORYLATION",0.105263157894737,2,"MYC_UP.V1_UP,HALLMARK_OXIDATIVE_PHOSPHORYLATION"
"ENSG00000155530.3","LRGUK",1,0,0,"",1,1,"EIF4E_UP",0,0,""
"ENSG00000156469.9","MTERF3",8,0,0,"",0.125,1,"PID_ERBB1_INTERNALIZATION_PATHWAY",0,0,""
"ENSG00000156860.16","FBRS",1,1,1,"EIF4E_UP",1,1,"EIF4E_UP",0,0,""
"ENSG00000157456.8","CCNB2",5,0,0,"",1,5,"JAK2_DN.V1_DN,PID_MYC_ACTIV_PATHWAY,HALLMARK_MYC_TARGETS_V1,HALLMARK_UNFOLDED_PROTEIN_RESPONSE,HALLMARK_MTORC1_SIGNALING",0,0,""
"ENSG00000157593.19","SLC35B2",1,0,0,"",0,0,"",0,0,""
"ENSG00000157827.20","FMNL2",4,0,0,"",0.75,3,"EIF4E_UP,HALLMARK_DNA_REPAIR,HALLMARK_OXIDATIVE_PHOSPHORYLATION",0,0,""
"ENSG00000158109.15","TPRG1L",2,0.5,1,"PGF_UP.V1_UP",0.5,1,"PID_CDC42_PATHWAY",0,0,""
"ENSG00000159352.16","PSMD4",1,0,0,"",0,0,"",0,0,""
"ENSG00000159461.15","AMFR",2,0,0,"",1,2,"EIF4E_UP,HALLMARK_DNA_REPAIR",0,0,""
"ENSG00000160741.17","CRTC2",4,0,0,"",0.5,2,"PID_ERBB1_INTERNALIZATION_PATHWAY,PID_CDC42_PATHWAY",0.75,3,"PID_ERBB1_INTERNALIZATION_PATHWAY,PGF_UP.V1_UP,HALLMARK_PROTEIN_SECRETION"
"ENSG00000161010.16","MRNIP",1,0,0,"",0,0,"",0,0,""
"ENSG00000161011.20","SQSTM1",3,0,0,"",0.333333333333333,1,"HALLMARK_PROTEIN_SECRETION",0.333333333333333,1,"TBK1.DF_DN"
"ENSG00000161395.14","PGAP3",1,0,0,"",1,1,"PGF_UP.V1_UP",1,1,"PGF_UP.V1_UP"
"ENSG00000162194.13","LBHD1",10,0,0,"",0.6,6,"JAK2_DN.V1_DN,EIF4E_UP,HALLMARK_UV_RESPONSE_UP,RB_P130_DN.V1_UP,HALLMARK_DNA_REPAIR,HALLMARK_OXIDATIVE_PHOSPHORYLATION",0,0,""
"ENSG00000162413.17","KLHL21",9,0.111111111111111,1,"SIRNA_EIF4GI_UP",0.222222222222222,2,"JAK2_DN.V1_DN,EIF4E_UP",0,0,""
"ENSG00000162604.12","TM2D1",6,0.166666666666667,1,"JAK2_DN.V1_DN",0.166666666666667,1,"JAK2_DN.V1_DN",0,0,""
"ENSG00000163125.16","RPRD2",1,0,0,"",0,0,"",0,0,""
"ENSG00000163141.20","BNIPL",4,0,0,"",1,4,"HALLMARK_ESTROGEN_RESPONSE_LATE,ERBB2_UP.V1_UP,HALLMARK_ESTROGEN_RESPONSE_EARLY,PID_ERBB_NETWORK_PATHWAY",0,0,""
"ENSG00000163214.21","DHX57",1,0,0,"",0,0,"",1,1,"PGF_UP.V1_UP"
"ENSG00000163346.17","PBXIP1",1,0,0,"",0,0,"",1,1,"PID_PI3KCI_AKT_PATHWAY"
"ENSG00000163349.22","HIPK1",2,0,0,"",0.5,1,"EIF4E_UP",0,0,""
"ENSG00000163468.15","CCT3",4,0,0,"",0.75,3,"TBK1.DF_DN,PID_ERBB1_INTERNALIZATION_PATHWAY,PID_CDC42_PATHWAY",0.25,1,"PID_ERBB1_INTERNALIZATION_PATHWAY"
"ENSG00000163510.14","CWC22",10,0,0,"",0.3,3,"EIF4E_UP,RB_P130_DN.V1_UP,HALLMARK_DNA_REPAIR",0.1,1,"HALLMARK_P53_PATHWAY"
"ENSG00000163728.11","TTC14",1,0,0,"",0,0,"",0,0,""
"ENSG00000163754.18","GYG1",1,0,0,"",0,0,"",0,0,""
"ENSG00000163795.14","ZNF513",10,0.2,2,"LTE2_UP.V1_UP,HALLMARK_ESTROGEN_RESPONSE_EARLY",0.1,1,"HALLMARK_ESTROGEN_RESPONSE_EARLY",0,0,""
"ENSG00000163812.15","ZDHHC3",9,0.555555555555556,5,"MTOR_UP.N4.V1_UP,MYC_UP.V1_UP,HALLMARK_OXIDATIVE_PHOSPHORYLATION,HALLMARK_FATTY_ACID_METABOLISM,HALLMARK_UNFOLDED_PROTEIN_RESPONSE",1,9,"SIRNA_EIF4GI_UP,JAK2_DN.V1_DN,MTOR_UP.N4.V1_UP,MYC_UP.V1_UP,HALLMARK_ADIPOGENESIS,HALLMARK_OXIDATIVE_PHOSPHORYLATION,HALLMARK_FATTY_ACID_METABOLISM,HALLMARK_UNFOLDED_PROTEIN_RESPONSE,HALLMARK_MTORC1_SIGNALING",0,0,""
"ENSG00000163820.16","FYCO1",2,0,0,"",1,2,"EIF4E_UP,MTOR_UP.N4.V1_DN",0,0,""
"ENSG00000163930.10","BAP1",1,0,0,"",0,0,"",0,0,""
"ENSG00000163933.10","RFT1",14,0.571428571428571,8,"EIF4E_UP,HALLMARK_ADIPOGENESIS,HALLMARK_DNA_REPAIR,HALLMARK_REACTIVE_OXYGEN_SPECIES_PATHWAY,HALLMARK_OXIDATIVE_PHOSPHORYLATION,HALLMARK_FATTY_ACID_METABOLISM,HALLMARK_UNFOLDED_PROTEIN_RESPONSE,RB_P107_DN.V1_DN",0.571428571428571,8,"EIF4E_UP,HALLMARK_GLYCOLYSIS,HALLMARK_ADIPOGENESIS,HALLMARK_DNA_REPAIR,HALLMARK_REACTIVE_OXYGEN_SPECIES_PATHWAY,HALLMARK_OXIDATIVE_PHOSPHORYLATION,HALLMARK_FATTY_ACID_METABOLISM,HALLMARK_UNFOLDED_PROTEIN_RESPONSE",0.0714285714285714,1,"HALLMARK_OXIDATIVE_PHOSPHORYLATION"
"ENSG00000164244.21","PRRC1",5,0,0,"",0.4,2,"PID_ERBB1_INTERNALIZATION_PATHWAY,PID_CDC42_PATHWAY",1,5,"TBK1.DF_DN,PID_ERBB1_INTERNALIZATION_PATHWAY,PGF_UP.V1_UP,PID_CDC42_PATHWAY,ERBB2_UP.V1_DN"
"ENSG00000164941.14","INTS8",1,0,0,"",0,0,"",0,0,""
"ENSG00000164961.16","WASHC5",4,0,0,"",0.5,2,"ESC_V6.5_UP_LATE.V1_DN,EIF4E_UP",0,0,""
"ENSG00000165118.15","C9orf64",1,0,0,"",0,0,"",0,0,""
"ENSG00000165416.15","SUGT1",10,0.7,7,"MTOR_UP.N4.V1_UP,HALLMARK_MYC_TARGETS_V2,HALLMARK_ADIPOGENESIS,HALLMARK_REACTIVE_OXYGEN_SPECIES_PATHWAY,HALLMARK_OXIDATIVE_PHOSPHORYLATION,MTOR_UP.N4.V1_DN,HALLMARK_MYC_TARGETS_V1",0.6,6,"MTOR_UP.N4.V1_UP,HALLMARK_ADIPOGENESIS,HALLMARK_REACTIVE_OXYGEN_SPECIES_PATHWAY,HALLMARK_OXIDATIVE_PHOSPHORYLATION,MTOR_UP.N4.V1_DN,HALLMARK_UNFOLDED_PROTEIN_RESPONSE",0.1,1,"HALLMARK_UNFOLDED_PROTEIN_RESPONSE"
"ENSG00000166004.15","CEP295",5,0.2,1,"HALLMARK_DNA_REPAIR",0.6,3,"EIF4E_UP,HALLMARK_DNA_REPAIR,HALLMARK_OXIDATIVE_PHOSPHORYLATION",0,0,""
"ENSG00000166025.18","AMOTL1",1,0,0,"",1,1,"EIF4E_UP",0,0,""
"ENSG00000166199.13","ALKBH3",1,0,0,"",0,0,"",0,0,""
"ENSG00000166311.10","SMPD1",3,0,0,"",0.333333333333333,1,"PID_ERBB1_INTERNALIZATION_PATHWAY",0,0,""
"ENSG00000166337.11","TAF10",1,0,0,"",1,1,"JAK2_DN.V1_DN",0,0,""
"ENSG00000166575.17","TMEM135",11,0,0,"",0.727272727272727,8,"EIF4E_UP,MTOR_UP.N4.V1_UP,PID_CERAMIDE_PATHWAY,HALLMARK_PEROXISOME,HALLMARK_ADIPOGENESIS,HALLMARK_REACTIVE_OXYGEN_SPECIES_PATHWAY,HALLMARK_OXIDATIVE_PHOSPHORYLATION,HALLMARK_FATTY_ACID_METABOLISM",0.454545454545455,5,"MTOR_UP.N4.V1_UP,HALLMARK_REACTIVE_OXYGEN_SPECIES_PATHWAY,HALLMARK_OXIDATIVE_PHOSPHORYLATION,HALLMARK_FATTY_ACID_METABOLISM,HALLMARK_UNFOLDED_PROTEIN_RESPONSE"
"ENSG00000166900.17","STX3",4,0.25,1,"JAK2_DN.V1_DN",0,0,"",0.25,1,"HALLMARK_ESTROGEN_RESPONSE_LATE"
"ENSG00000167114.13","SLC27A4",6,0,0,"",0.333333333333333,2,"EIF4E_UP,PID_ERBB1_INTERNALIZATION_PATHWAY",0.166666666666667,1,"PID_REELIN_PATHWAY"
"ENSG00000167118.11","URM1",7,0,0,"",1,7,"SIRNA_EIF4GI_UP,JAK2_DN.V1_DN,EIF4E_UP,HALLMARK_CHOLESTEROL_HOMEOSTASIS,HALLMARK_ADIPOGENESIS,HALLMARK_OXIDATIVE_PHOSPHORYLATION,HALLMARK_FATTY_ACID_METABOLISM",0,0,""
"ENSG00000167258.15","CDK12",9,0.111111111111111,1,"ESC_V6.5_UP_LATE.V1_DN",0.333333333333333,3,"EIF4E_UP,HALLMARK_DNA_REPAIR,HALLMARK_OXIDATIVE_PHOSPHORYLATION",0,0,""
"ENSG00000167380.17","ZNF226",9,0,0,"",0,0,"",0,0,""
"ENSG00000167566.17","NCKAP5L",1,0,0,"",1,1,"HALLMARK_PROTEIN_SECRETION",1,1,"HALLMARK_PROTEIN_SECRETION"
"ENSG00000167775.11","CD320",1,1,1,"PID_PI3KCI_AKT_PATHWAY",0,0,"",0,0,""
"ENSG00000167969.13","ECI1",7,0.571428571428571,4,"EIF4E_UP,MTOR_UP.N4.V1_UP,HALLMARK_ADIPOGENESIS,HALLMARK_OXIDATIVE_PHOSPHORYLATION",0.142857142857143,1,"HALLMARK_OXIDATIVE_PHOSPHORYLATION",0.428571428571429,3,"JAK2_DN.V1_DN,HALLMARK_ADIPOGENESIS,HALLMARK_OXIDATIVE_PHOSPHORYLATION"
"ENSG00000167972.14","ABCA3",4,0,0,"",0.5,2,"PID_CDC42_PATHWAY,PID_SMAD2_3PATHWAY",0,0,""
"ENSG00000168300.14","PCMTD1",2,0,0,"",0.5,1,"PGF_UP.V1_UP",1,2,"PGF_UP.V1_UP,HALLMARK_PROTEIN_SECRETION"
"ENSG00000168394.12","TAP1",1,0,0,"",0,0,"",0,0,""
"ENSG00000169180.12","XPO6",3,0,0,"",0.333333333333333,1,"EIF4E_UP",0,0,""
"ENSG00000169957.10","ZNF768",1,0,0,"",0,0,"",1,1,"PDGF_ERK_DN.V1_DN"
"ENSG00000170776.22","AKAP13",2,0,0,"",0.5,1,"EIF4E_UP",0,0,""
"ENSG00000171634.19","BPTF",1,0,0,"",1,1,"EIF4E_UP",0,0,""
"ENSG00000172171.11","TEFM",2,1,2,"MTOR_UP.N4.V1_UP,HALLMARK_FATTY_ACID_METABOLISM",0,0,"",0,0,""
"ENSG00000172888.12","ZNF621",3,0,0,"",1,3,"EIF4E_UP,PID_ERBB1_INTERNALIZATION_PATHWAY,PID_CDC42_PATHWAY",0.666666666666667,2,"PID_ERBB1_INTERNALIZATION_PATHWAY,PID_CDC42_PATHWAY"
"ENSG00000172893.18","DHCR7",2,0,0,"",0,0,"",0,0,""
"ENSG00000173039.20","RELA",1,0,0,"",0,0,"",1,1,"JAK2_DN.V1_DN"
"ENSG00000173327.8","MAP3K11",4,0,0,"",0.25,1,"PID_ERBB1_INTERNALIZATION_PATHWAY",0.25,1,"PID_CDC42_PATHWAY"
"ENSG00000173409.14","ARV1",1,0,0,"",0,0,"",0,0,""
"ENSG00000173548.9","SNX33",13,0.307692307692308,4,"JAK2_DN.V1_DN,HALLMARK_REACTIVE_OXYGEN_SPECIES_PATHWAY,HALLMARK_OXIDATIVE_PHOSPHORYLATION,MTOR_UP.N4.V1_DN",0.692307692307692,9,"JAK2_DN.V1_DN,EIF4E_UP,MYC_UP.V1_UP,HALLMARK_ADIPOGENESIS,HALLMARK_DNA_REPAIR,HALLMARK_REACTIVE_OXYGEN_SPECIES_PATHWAY,HALLMARK_OXIDATIVE_PHOSPHORYLATION,MTOR_UP.N4.V1_DN,CAMP_UP.V1_UP",0.461538461538462,6,"JAK2_DN.V1_DN,MYC_UP.V1_UP,SRC_UP.V1_UP,HALLMARK_DNA_REPAIR,HALLMARK_OXIDATIVE_PHOSPHORYLATION,MTOR_UP.N4.V1_DN"
"ENSG00000173928.4","SWSAP1",1,1,1,"EIF4E_UP",1,1,"EIF4E_UP",0,0,""
"ENSG00000174485.16","DENND4A",1,0,0,"",1,1,"EIF4E_UP",1,1,"EIF4E_UP"
"ENSG00000174579.4","MSL2",11,0,0,"",0,0,"",0,0,""
"ENSG00000174943.11","KCTD13",5,0,0,"",0,0,"",0,0,""
"ENSG00000174996.12","KLC2",1,0,0,"",0,0,"",0,0,""
"ENSG00000175166.17","PSMD2",5,0,0,"",0.4,2,"PID_ERBB1_INTERNALIZATION_PATHWAY,PID_CDC42_PATHWAY",0.6,3,"PID_ERBB1_INTERNALIZATION_PATHWAY,PGF_UP.V1_UP,PID_ECADHERIN_NASCENT_AJ_PATHWAY"
"ENSG00000175662.18","TOM1L2",4,0,0,"",0,0,"",0.25,1,"PID_ERBB1_INTERNALIZATION_PATHWAY"
"ENSG00000176014.13","TUBB6",9,0.222222222222222,2,"PID_S1P_S1P1_PATHWAY,PID_ANGIOPOIETIN_RECEPTOR_PATHWAY",0.111111111111111,1,"PID_FGF_PATHWAY",0,0,""
"ENSG00000177034.17","MTX3",2,0,0,"",0.5,1,"EIF4E_UP",0,0,""
"ENSG00000178188.15","SH2B1",2,0,0,"",0.5,1,"ESC_J1_UP_EARLY.V1_UP",0,0,""
"ENSG00000179409.11","GEMIN4",7,0.142857142857143,1,"RB_P107_DN.V1_DN",0.142857142857143,1,"JAK2_DN.V1_DN",0.571428571428571,4,"STK33_DN,JAK2_DN.V1_DN,HALLMARK_GLYCOLYSIS,TBK1.DN.48HRS_DN"
"ENSG00000179604.10","CDC42EP4",1,0,0,"",0,0,"",1,1,"PID_PI3KCI_AKT_PATHWAY"
"ENSG00000179943.8","FIZ1",1,0,0,"",1,1,"CRX_DN.V1_UP",0,0,""
"ENSG00000180263.14","FGD6",5,0,0,"",0,0,"",0,0,""
"ENSG00000180822.12","PSMG4",5,0,0,"",0.6,3,"JAK2_DN.V1_DN,EIF4E_UP,HALLMARK_OXIDATIVE_PHOSPHORYLATION",0,0,""
"ENSG00000181666.19","ZNF875",5,0,0,"",0.8,4,"RAF_UP.V1_DN,RB_P130_DN.V1_DN,HALLMARK_PROTEIN_SECRETION,PID_ERBB1_DOWNSTREAM_PATHWAY",0,0,""
"ENSG00000182518.14","FAM104B",2,0,0,"",0,0,"",0,0,""
"ENSG00000182831.12","C16orf72",7,0.571428571428571,4,"GCNP_SHH_UP_LATE.V1_DN,CYCLIN_D1_KE_.V1_UP,HALLMARK_P53_PATHWAY,HALLMARK_DNA_REPAIR",0.714285714285714,5,"GCNP_SHH_UP_LATE.V1_DN,EIF4E_UP,CYCLIN_D1_KE_.V1_UP,RB_DN.V1_UP,HALLMARK_P53_PATHWAY",0.142857142857143,1,"HALLMARK_DNA_REPAIR"
"ENSG00000183255.12","PTTG1IP",7,0,0,"",0.285714285714286,2,"PID_ERBB1_INTERNALIZATION_PATHWAY,PID_CDC42_PATHWAY",0.285714285714286,2,"PID_ERBB1_INTERNALIZATION_PATHWAY,PID_ECADHERIN_NASCENT_AJ_PATHWAY"
"ENSG00000183309.12","ZNF623",4,0,0,"",0,0,"",0,0,""
"ENSG00000183495.14","EP400",2,0,0,"",0.5,1,"EIF4E_UP",0,0,""
"ENSG00000183723.13","CMTM4",1,0,0,"",1,1,"EIF4E_UP",0,0,""
"ENSG00000184677.18","ZBTB40",2,0,0,"",0.5,1,"PID_ERBB1_INTERNALIZATION_PATHWAY",1,2,"PID_ERBB1_INTERNALIZATION_PATHWAY,HALLMARK_PROTEIN_SECRETION"
"ENSG00000184863.11","RBM33",3,0,0,"",0.666666666666667,2,"PID_ERBB1_INTERNALIZATION_PATHWAY,PID_CDC42_PATHWAY",0.666666666666667,2,"HALLMARK_PROTEIN_SECRETION,PID_CDC42_PATHWAY"
"ENSG00000185010.15","F8",5,0.2,1,"MTOR_UP.N4.V1_DN",0.8,4,"EIF4E_UP,RB_P130_DN.V1_UP,HALLMARK_DNA_REPAIR,MTOR_UP.N4.V1_DN",0,0,""
"ENSG00000185164.15","NOMO2",1,0,0,"",0,0,"",0,0,""
"ENSG00000186300.12","ZNF555",1,0,0,"",0,0,"",0,0,""
"ENSG00000186866.17","POFUT2",1,0,0,"",0,0,"",0,0,""
"ENSG00000188559.16","RALGAPA2",11,0.181818181818182,2,"BCAT_BILD_ET_AL_UP,HALLMARK_P53_PATHWAY",0.454545454545455,5,"EIF4E_UP,RB_P130_DN.V1_UP,HALLMARK_DNA_REPAIR,HALLMARK_OXIDATIVE_PHOSPHORYLATION,MTOR_UP.N4.V1_DN",0,0,""
"ENSG00000188994.13","ZNF292",9,0,0,"",0.111111111111111,1,"EIF4E_UP",0,0,""
"ENSG00000189079.17","ARID2",2,0,0,"",1,2,"EIF4E_UP,HALLMARK_DNA_REPAIR",0,0,""
"ENSG00000189157.14","FAM47E",8,0.25,2,"MTOR_UP.N4.V1_UP,PID_CERAMIDE_PATHWAY",0.125,1,"JAK2_DN.V1_DN",0,0,""
"ENSG00000196208.14","GREB1",2,0,0,"",0.5,1,"EIF4E_UP",0,0,""
"ENSG00000196313.13","POM121",4,0,0,"",0,0,"",0,0,""
"ENSG00000196365.12","LONP1",1,0,0,"",0,0,"",0,0,""
"ENSG00000196396.10","PTPN1",14,0,0,"",0.285714285714286,4,"EIF4E_UP,HALLMARK_UV_RESPONSE_UP,RB_P130_DN.V1_UP,MTOR_UP.N4.V1_DN",0,0,""
"ENSG00000196405.13","EVL",3,0,0,"",0.333333333333333,1,"JAK2_DN.V1_DN",0,0,""
"ENSG00000196419.13","XRCC6",3,0,0,"",0.666666666666667,2,"PID_ERBB1_INTERNALIZATION_PATHWAY,PID_CDC42_PATHWAY",0,0,""
"ENSG00000196588.21","MRTFA",1,0,0,"",0,0,"",0,0,""
"ENSG00000196757.8","ZNF700",7,0,0,"",0.285714285714286,2,"JAK2_DN.V1_DN,EIF4E_UP",0,0,""
"ENSG00000197020.12","ZNF100",8,0,0,"",0,0,"",0,0,""
"ENSG00000197077.14","KIAA1671",1,0,0,"",0,0,"",0,0,""
"ENSG00000197119.13","SLC25A29",10,0.3,3,"EIF4E_UP,MTOR_UP.N4.V1_UP,HALLMARK_REACTIVE_OXYGEN_SPECIES_PATHWAY",0.3,3,"JAK2_DN.V1_DN,EIF4E_UP,HALLMARK_OXIDATIVE_PHOSPHORYLATION",0.1,1,"HALLMARK_OXIDATIVE_PHOSPHORYLATION"
"ENSG00000197601.13","FAR1",6,0.666666666666667,4,"MTOR_UP.N4.V1_UP,MYC_UP.V1_UP,HALLMARK_OXIDATIVE_PHOSPHORYLATION,HALLMARK_FATTY_ACID_METABOLISM",0.833333333333333,5,"JAK2_DN.V1_DN,MTOR_UP.N4.V1_UP,MYC_UP.V1_UP,HALLMARK_OXIDATIVE_PHOSPHORYLATION,HALLMARK_FATTY_ACID_METABOLISM",0.166666666666667,1,"HALLMARK_OXIDATIVE_PHOSPHORYLATION"
"ENSG00000197724.11","PHF2",2,0,0,"",0.5,1,"PID_ERBB1_INTERNALIZATION_PATHWAY",0,0,""
"ENSG00000197841.15","ZNF181",1,0,0,"",0,0,"",0,0,""
"ENSG00000197951.10","ZNF71",5,0.6,3,"EIF4E_UP,HALLMARK_DNA_REPAIR,HALLMARK_OXIDATIVE_PHOSPHORYLATION",0.4,2,"SRC_UP.V1_UP,HALLMARK_DNA_REPAIR",0,0,""
"ENSG00000198373.13","WWP2",2,0,0,"",0.5,1,"HALLMARK_PROTEIN_SECRETION",0,0,""
"ENSG00000198408.14","OGA",2,0,0,"",0.5,1,"PID_CDC42_PATHWAY",0,0,""
"ENSG00000198429.10","ZNF69",1,0,0,"",0,0,"",0,0,""
"ENSG00000198546.15","ZNF511",3,0,0,"",0.333333333333333,1,"JAK2_DN.V1_DN",0,0,""
"ENSG00000204209.13","DAXX",1,0,0,"",0,0,"",0,0,""
"ENSG00000204560.10","DHX16",1,0,0,"",0,0,"",0,0,""
"ENSG00000204713.11","TRIM27",1,0,0,"",0,0,"",1,1,"HALLMARK_PROTEIN_SECRETION"
"ENSG00000205476.9","CCDC85C",9,0.111111111111111,1,"ESC_J1_UP_EARLY.V1_UP",0.111111111111111,1,"MYC_UP.V1_UP",0.111111111111111,1,"MYC_UP.V1_UP"
"ENSG00000213066.13","CEP43",2,0,0,"",0,0,"",0,0,""
"ENSG00000213186.8","TRIM59",1,0,0,"",0,0,"",0,0,""
"ENSG00000213995.12","NAXD",2,0,0,"",0,0,"",0,0,""
"ENSG00000214654.9","B3GALT9",1,0,0,"",0,0,"",0,0,""
"ENSG00000221926.13","TRIM16",7,0.142857142857143,1,"HALLMARK_REACTIVE_OXYGEN_SPECIES_PATHWAY",0.571428571428571,4,"GCNP_SHH_UP_LATE.V1_DN,HALLMARK_P53_PATHWAY,HALLMARK_ADIPOGENESIS,HALLMARK_REACTIVE_OXYGEN_SPECIES_PATHWAY",0,0,""
"ENSG00000227124.11","ZNF717",1,0,0,"",1,1,"HALLMARK_UV_RESPONSE_UP",0,0,""
"ENSG00000239306.5","RBM14",3,0,0,"",0.333333333333333,1,"EIF4E_UP",0,0,""
"ENSG00000240682.10","ISY1",2,0,0,"",0,0,"",1,2,"TBK1.DF_DN,HALLMARK_PROTEIN_SECRETION"
"ENSG00000241258.7","CRCP",14,0,0,"",0.357142857142857,5,"SIRNA_EIF4GI_UP,ESC_J1_UP_EARLY.V1_UP,EIF4E_UP,HALLMARK_ADIPOGENESIS,PID_HDAC_CLASSI_PATHWAY",0,0,""
"ENSG00000242028.8","HYPK",3,1,3,"JAK2_DN.V1_DN,MTOR_UP.N4.V1_UP,HALLMARK_OXIDATIVE_PHOSPHORYLATION",0.666666666666667,2,"JAK2_DN.V1_DN,HALLMARK_OXIDATIVE_PHOSPHORYLATION",0,0,""
"ENSG00000242259.9","C22orf39",1,0,0,"",1,1,"PID_NCADHERIN_PATHWAY",0,0,""
"ENSG00000243156.9","MICAL3",2,0,0,"",0.5,1,"PID_ERBB1_INTERNALIZATION_PATHWAY",0.5,1,"PID_ECADHERIN_NASCENT_AJ_PATHWAY"
"ENSG00000250644.3","ENSG00000250644",3,0,0,"",1,3,"MTOR_UP.V1_DN,AKT_UP_MTOR_DN.V1_UP,BCAT.100_UP.V1_UP",0,0,""
"ENSG00000254221.3","PCDHGB1",1,0,0,"",0,0,"",0,0,""
"ENSG00000254996.5","ANKHD1-EIF4EBP3",1,0,0,"",1,1,"EIF4E_UP",0,0,""
"ENSG00000262576.3","PCDHGA4",2,0,0,"",0,0,"",0,0,""
"ENSG00000264343.7","NOTCH2NLA",2,0,0,"",0,0,"",0.5,1,"HALLMARK_DNA_REPAIR"
"ENSG00000269713.8","NBPF9",1,0,0,"",0,0,"",0,0,""
